58.757,-0.43035888671875,-0.447174072265625,-0.914947509765625
58.776,-0.4510955810546875,-0.49822998046875,-0.9503173828125
58.797,-0.4483795166015625,-0.4867095947265625,-0.9291534423828125
58.814,-0.371002197265625,-0.5066986083984375,-0.8418121337890625
58.834,-0.3515167236328125,-0.4443206787109375,-0.869903564453125
58.855,-0.2616729736328125,-0.45794677734375,-0.863677978515625
58.873,-0.282135009765625,-0.4338226318359375,-0.8639984130859375
58.894,-0.3603668212890625,-0.471160888671875,-0.8572998046875
58.912,-0.416717529296875,-0.512115478515625,-0.815521240234375
58.935,-0.37799072265625,-0.47503662109375,-0.783843994140625
58.951,-0.3141632080078125,-0.43157958984375,-0.785858154296875
58.971,-0.339630126953125,-0.369232177734375,-0.731658935546875
58.990,-0.2449493408203125,-0.45343017578125,-0.6189422607421875
59.015,-0.2705230712890625,-0.3462066650390625,-0.5832366943359375
59.030,-0.38623046875,-0.4444427490234375,-0.71282958984375
59.050,-0.3494720458984375,-0.42132568359375,-0.4809722900390625
59.069,-0.4769287109375,-0.43011474609375,-0.504638671875
59.095,-0.4499664306640625,-0.33563232421875,-0.4007110595703125
59.109,-0.36077880859375,-0.178497314453125,-0.223602294921875
59.128,-0.2732696533203125,-0.426788330078125,-0.2867279052734375
59.147,-0.491546630859375,-0.309722900390625,-0.332855224609375
59.175,-0.5634918212890625,-0.35980224609375,-0.374481201171875
59.186,-0.57550048828125,-0.394989013671875,-0.4084320068359375
59.205,-0.6500701904296875,-0.3990631103515625,-0.5617523193359375
59.224,-0.8168487548828125,-0.4420166015625,-0.6575164794921875
59.254,-0.911376953125,-0.5377044677734375,-0.7440643310546875
59.265,-0.9449310302734375,-0.567626953125,-0.8826446533203125
59.284,-0.9643096923828125,-0.5659332275390625,-1.029205322265625
59.305,-0.9591522216796875,-0.5883331298828125,-1.073593139648438
59.335,-0.900726318359375,-0.58941650390625,-1.0777587890625
59.343,-0.84625244140625,-0.58453369140625,-1.187240600585938
59.362,-0.839691162109375,-0.557830810546875,-1.306427001953125
59.382,-0.7869873046875,-0.5403594970703125,-1.303970336914062
59.402,-0.6841583251953125,-0.519775390625,-1.236373901367188
59.421,-0.6014556884765625,-0.4690704345703125,-1.197433471679688
59.440,-0.5143280029296875,-0.4252777099609375,-1.130767822265625
59.460,-0.4327239990234375,-0.38983154296875,-1.049667358398438
59.480,-0.381500244140625,-0.36993408203125,-0.9984283447265625
59.500,-0.359466552734375,-0.332122802734375,-0.9291839599609375
59.519,-0.321441650390625,-0.313140869140625,-0.8424835205078125
59.539,-0.266845703125,-0.3001861572265625,-0.718505859375
59.559,-0.242523193359375,-0.296661376953125,-0.62774658203125
59.577,-0.2339019775390625,-0.2845611572265625,-0.5680694580078125
59.597,-0.2568359375,-0.2868194580078125,-0.4845123291015625
59.617,-0.27984619140625,-0.3034820556640625,-0.3933258056640625
59.636,-0.307891845703125,-0.3293609619140625,-0.32574462890625
59.656,-0.3412322998046875,-0.33062744140625,-0.2443389892578125
59.676,-0.3366241455078125,-0.3018035888671875,-0.2082061767578125
59.695,-0.29241943359375,-0.3179168701171875,-0.18505859375
59.715,-0.3028106689453125,-0.2951812744140625,-0.17449951171875
59.734,-0.32293701171875,-0.296905517578125,-0.1750030517578125
59.756,-0.374359130859375,-0.299835205078125,-0.1796112060546875
59.773,-0.4510040283203125,-0.346405029296875,-0.183990478515625
59.793,-0.57391357421875,-0.3628387451171875,-0.189666748046875
59.815,-0.6472320556640625,-0.363311767578125,-0.1995697021484375
59.832,-0.6899261474609375,-0.413330078125,-0.230712890625
59.852,-0.79962158203125,-0.4104156494140625,-0.287109375
59.871,-0.9472503662109375,-0.4501953125,-0.36676025390625
59.894,-1.078704833984375,-0.5027923583984375,-0.3918304443359375
59.911,-1.194122314453125,-0.567962646484375,-0.4092864990234375
59.930,-1.284698486328125,-0.6050262451171875,-0.4737701416015625
59.950,-1.3134765625,-0.607025146484375,-0.53570556640625
59.974,-1.28131103515625,-0.6373138427734375,-0.6466217041015625
59.988,-1.223129272460938,-0.6201629638671875,-0.8320159912109375
60.011,-1.195037841796875,-0.6049957275390625,-0.993927001953125
60.027,-1.132583618164062,-0.625946044921875,-1.0595703125
60.057,-1.072463989257812,-0.59210205078125,-1.146652221679688
60.067,-0.9931793212890625,-0.55352783203125,-1.255218505859375
60.086,-0.8682098388671875,-0.53839111328125,-1.250167846679688
60.106,-0.7608795166015625,-0.4781951904296875,-1.24298095703125
60.134,-0.683074951171875,-0.4524993896484375,-1.23272705078125
60.146,-0.6198272705078125,-0.4240264892578125,-1.1846923828125
60.164,-0.54364013671875,-0.406280517578125,-1.114410400390625
60.186,-0.5276947021484375,-0.3882598876953125,-1.0445556640625
60.216,-0.4919586181640625,-0.377349853515625,-0.987884521484375
60.224,-0.4337615966796875,-0.3487548828125,-0.9230804443359375
60.243,-0.3872528076171875,-0.3383331298828125,-0.819732666015625
60.263,-0.3657989501953125,-0.329376220703125,-0.7302093505859375
60.295,-0.346343994140625,-0.315948486328125,-0.666473388671875
60.303,-0.31365966796875,-0.3089141845703125,-0.5736083984375
60.322,-0.2882843017578125,-0.300689697265625,-0.4914703369140625
60.341,-0.3079681396484375,-0.290740966796875,-0.422698974609375
60.362,-0.3427734375,-0.323883056640625,-0.3646392822265625
60.380,-0.331085205078125,-0.322967529296875,-0.287811279296875
60.400,-0.2855072021484375,-0.334014892578125,-0.21075439453125
60.419,-0.2837982177734375,-0.32208251953125,-0.1947479248046875
60.439,-0.3033447265625,-0.316131591796875,-0.19635009765625
60.460,-0.2970733642578125,-0.3147735595703125,-0.121612548828125
60.478,-0.3130950927734375,-0.33587646484375,-0.0886993408203125
60.497,-0.391326904296875,-0.3460540771484375,-0.12103271484375
60.517,-0.4713287353515625,-0.356842041015625,-0.18438720703125
60.537,-0.547576904296875,-0.3695526123046875,-0.185455322265625
60.557,-0.6225128173828125,-0.4093475341796875,-0.1709442138671875
60.576,-0.73992919921875,-0.436187744140625,-0.216644287109375
60.596,-0.8729705810546875,-0.4779510498046875,-0.2634429931640625
60.616,-0.965667724609375,-0.4765625,-0.1778106689453125
60.634,-0.9922332763671875,-0.474029541015625,-0.105621337890625
60.655,-1.048629760742188,-0.4587860107421875,-0.1087799072265625
60.674,-1.102371215820312,-0.491943359375,-0.1448974609375
60.695,-1.16064453125,-0.5081634521484375,-0.21319580078125
60.712,-1.221084594726562,-0.4970703125,-0.3300323486328125
60.732,-1.26190185546875,-0.517486572265625,-0.5171661376953125
60.752,-1.269805908203125,-0.598907470703125,-0.7700042724609375
60.776,-1.263702392578125,-0.612091064453125,-1.020797729492188
60.792,-1.195785522460938,-0.61102294921875,-1.179412841796875
60.811,-1.10809326171875,-0.6170654296875,-1.254409790039062
60.830,-1.009063720703125,-0.614044189453125,-1.280517578125
60.856,-0.94036865234375,-0.5847320556640625,-1.298095703125
60.869,-0.872039794921875,-0.573577880859375,-1.280044555664062
60.889,-0.7911529541015625,-0.5367889404296875,-1.2271728515625
60.911,-0.7299957275390625,-0.516998291015625,-1.188858032226562
60.935,-0.687408447265625,-0.48907470703125,-1.119583129882812
60.948,-0.6394805908203125,-0.46075439453125,-1.021636962890625
60.968,-0.5670928955078125,-0.4307708740234375,-0.9171295166015625
60.987,-0.5045013427734375,-0.396820068359375,-0.854705810546875
61.015,-0.4439239501953125,-0.3553009033203125,-0.7822418212890625
61.027,-0.3722991943359375,-0.3305816650390625,-0.7077789306640625
61.046,-0.3142852783203125,-0.316986083984375,-0.6488800048828125
61.065,-0.269287109375,-0.2910003662109375,-0.596923828125
61.095,-0.2138824462890625,-0.2781524658203125,-0.51959228515625
61.106,-0.1785125732421875,-0.270111083984375,-0.4374542236328125
61.124,-0.1846771240234375,-0.2737579345703125,-0.3882598876953125
61.144,-0.20947265625,-0.2919464111328125,-0.3387451171875
61.176,-0.2435760498046875,-0.296539306640625,-0.2787017822265625
61.182,-0.2826385498046875,-0.29510498046875,-0.21917724609375
61.202,-0.321014404296875,-0.3361968994140625,-0.1799163818359375
61.223,-0.38494873046875,-0.3429718017578125,-0.1427459716796875
61.242,-0.4258575439453125,-0.348663330078125,-0.0876617431640625
61.261,-0.4412994384765625,-0.362274169921875,-0.0658111572265625
61.281,-0.477203369140625,-0.3644561767578125,-0.0946502685546875
61.301,-0.5100860595703125,-0.3186798095703125,-0.094970703125
61.320,-0.4971466064453125,-0.27825927734375,-0.0470123291015625
61.339,-0.5322418212890625,-0.2964324951171875,-0.0699462890625
61.360,-0.653717041015625,-0.28472900390625,-0.1263580322265625
61.378,-0.7332916259765625,-0.320648193359375,-0.169586181640625
61.398,-0.8358001708984375,-0.3810577392578125,-0.23736572265625
61.419,-1.012832641601562,-0.4627838134765625,-0.380340576171875
61.437,-1.21270751953125,-0.50628662109375,-0.508575439453125
61.456,-1.329010009765625,-0.5654144287109375,-0.50848388671875
61.477,-1.3424072265625,-0.566162109375,-0.50054931640625
61.497,-1.288803100585938,-0.5442657470703125,-0.515045166015625
61.516,-1.283538818359375,-0.5437469482421875,-0.59423828125
61.535,-1.307723999023438,-0.5671539306640625,-0.7321014404296875
61.556,-1.253189086914062,-0.573699951171875,-0.8557891845703125
61.576,-1.20538330078125,-0.5540771484375,-1.010467529296875
61.595,-1.13916015625,-0.5718994140625,-1.13519287109375
61.614,-1.065093994140625,-0.5497283935546875,-1.196426391601562
61.633,-0.97088623046875,-0.5417938232421875,-1.26763916015625
61.656,-0.9039459228515625,-0.512176513671875,-1.33843994140625
61.672,-0.814666748046875,-0.48529052734375,-1.353012084960938
61.692,-0.7117156982421875,-0.44964599609375,-1.281768798828125
61.711,-0.6339263916015625,-0.4233551025390625,-1.212860107421875
61.735,-0.5699920654296875,-0.3825225830078125,-1.15283203125
61.750,-0.512176513671875,-0.3639678955078125,-1.063491821289062
61.770,-0.4612884521484375,-0.323028564453125,-0.9786224365234375
61.789,-0.3903350830078125,-0.3024749755859375,-0.907958984375
61.815,-0.3554534912109375,-0.28472900390625,-0.8441925048828125
61.828,-0.3154296875,-0.2688446044921875,-0.7648773193359375
61.848,-0.296295166015625,-0.2597198486328125,-0.689697265625
61.869,-0.269195556640625,-0.2809906005859375,-0.5991363525390625
61.894,-0.264984130859375,-0.2694091796875,-0.51654052734375
61.907,-0.251495361328125,-0.27490234375,-0.4433441162109375
61.927,-0.271820068359375,-0.276092529296875,-0.3748931884765625
61.946,-0.3036956787109375,-0.2743072509765625,-0.3148956298828125
61.974,-0.298919677734375,-0.2936859130859375,-0.2560882568359375
61.986,-0.293304443359375,-0.29010009765625,-0.210662841796875
62.006,-0.3264617919921875,-0.3110504150390625,-0.194122314453125
62.024,-0.392852783203125,-0.34698486328125,-0.172119140625
62.057,-0.449432373046875,-0.3743743896484375,-0.1557159423828125
62.064,-0.4943695068359375,-0.377716064453125,-0.163330078125
62.085,-0.5072174072265625,-0.349151611328125,-0.188720703125
62.103,-0.46771240234375,-0.3642730712890625,-0.19329833984375
62.135,-0.5234527587890625,-0.355804443359375,-0.2070159912109375
62.143,-0.61212158203125,-0.3399658203125,-0.2147979736328125
62.162,-0.6506195068359375,-0.3737030029296875,-0.22100830078125
62.180,-0.730712890625,-0.4048309326171875,-0.2660980224609375
62.214,-0.8310546875,-0.3746490478515625,-0.2842864990234375
62.220,-0.8881683349609375,-0.4114837646484375,-0.2719879150390625
62.239,-0.9447784423828125,-0.4501800537109375,-0.332061767578125
62.258,-1.0828857421875,-0.4983673095703125,-0.604339599609375
62.278,-1.176788330078125,-0.5620269775390625,-0.73931884765625
62.299,-1.272506713867188,-0.5955657958984375,-0.743194580078125
62.318,-1.29345703125,-0.6075897216796875,-0.795257568359375
62.338,-1.264755249023438,-0.6183929443359375,-0.8506622314453125
62.357,-1.235626220703125,-0.6206207275390625,-0.9095458984375
62.377,-1.179550170898438,-0.6238250732421875,-1.02716064453125
62.397,-1.135589599609375,-0.5987396240234375,-1.16534423828125
62.416,-1.08819580078125,-0.5966644287109375,-1.253738403320312
62.437,-0.979400634765625,-0.5746002197265625,-1.239059448242188
62.456,-0.8385009765625,-0.499176025390625,-1.21630859375
62.474,-0.6992950439453125,-0.4442291259765625,-1.211334228515625
62.494,-0.5780029296875,-0.4039459228515625,-1.15673828125
62.514,-0.462066650390625,-0.3900146484375,-1.114059448242188
62.536,-0.3805999755859375,-0.365447998046875,-1.098617553710938
62.553,-0.3528594970703125,-0.3198394775390625,-1.067855834960938
62.572,-0.297607421875,-0.316131591796875,-0.9713134765625
62.592,-0.2599945068359375,-0.2963714599609375,-0.8641357421875
62.615,-0.2333526611328125,-0.2721405029296875,-0.8023834228515625
62.631,-0.2018890380859375,-0.2808837890625,-0.7270050048828125
62.651,-0.202239990234375,-0.274627685546875,-0.641937255859375
62.670,-0.216827392578125,-0.270172119140625,-0.5813140869140625
62.696,-0.2138519287109375,-0.2966461181640625,-0.520843505859375
62.710,-0.24383544921875,-0.31884765625,-0.4630126953125
62.728,-0.28143310546875,-0.3080291748046875,-0.4268798828125
62.748,-0.29901123046875,-0.2799835205078125,-0.3978271484375
62.775,-0.2824859619140625,-0.2725677490234375,-0.3537750244140625
62.787,-0.2864227294921875,-0.276824951171875,-0.3072967529296875
62.809,-0.34161376953125,-0.3017578125,-0.232391357421875
62.827,-0.4193267822265625,-0.3079986572265625,-0.17822265625
62.856,-0.458648681640625,-0.287689208984375,-0.14801025390625
62.865,-0.450347900390625,-0.3382568359375,-0.1209869384765625
62.886,-0.510284423828125,-0.352264404296875,-0.124603271484375
62.904,-0.5698089599609375,-0.3724212646484375,-0.12518310546875
62.937,-0.6645050048828125,-0.3976287841796875,-0.161041259765625
62.944,-0.779998779296875,-0.416595458984375,-0.240936279296875
62.964,-0.842132568359375,-0.4776763916015625,-0.270782470703125
62.983,-0.95928955078125,-0.488311767578125,-0.2763824462890625
63.015,-1.0987548828125,-0.510406494140625,-0.2981109619140625
63.023,-1.213363647460938,-0.58563232421875,-0.310699462890625
63.042,-1.295166015625,-0.6437835693359375,-0.369873046875
63.061,-1.352890014648438,-0.636505126953125,-0.4625244140625
63.095,-1.332321166992188,-0.631927490234375,-0.5399169921875
63.102,-1.23248291015625,-0.6475677490234375,-0.620635986328125
63.120,-1.17156982421875,-0.5980224609375,-0.7581024169921875
63.140,-1.12115478515625,-0.5681304931640625,-0.8553466796875
63.160,-1.036819458007812,-0.5760498046875,-0.91046142578125
63.179,-0.9821624755859375,-0.5792083740234375,-1.04205322265625
63.199,-0.9809417724609375,-0.5647125244140625,-1.144134521484375
63.218,-0.9524078369140625,-0.55181884765625,-1.091583251953125
63.238,-0.9152069091796875,-0.5390472412109375,-1.048126220703125
63.257,-0.866485595703125,-0.52142333984375,-1.0496826171875
63.277,-0.7863616943359375,-0.4787750244140625,-1.047271728515625
63.299,-0.6567840576171875,-0.453643798828125,-1.010040283203125
63.316,-0.576995849609375,-0.416168212890625,-0.9961395263671875
63.337,-0.5088653564453125,-0.4036865234375,-0.993499755859375
63.355,-0.4469757080078125,-0.375,-0.9605712890625
63.375,-0.3928680419921875,-0.3532867431640625,-0.8947601318359375
63.394,-0.3583831787109375,-0.357879638671875,-0.8314971923828125
63.415,-0.3677520751953125,-0.3570404052734375,-0.7794342041015625
63.434,-0.364410400390625,-0.3671875,-0.7223968505859375
63.453,-0.3452606201171875,-0.3795013427734375,-0.6629791259765625
63.472,-0.3296966552734375,-0.3903045654296875,-0.6053466796875
63.495,-0.3206024169921875,-0.389892578125,-0.6112213134765625
63.512,-0.3547821044921875,-0.362518310546875,-0.649444580078125
63.531,-0.295806884765625,-0.377716064453125,-0.6135406494140625
63.553,-0.2698822021484375,-0.3523406982421875,-0.55450439453125
63.575,-0.2940521240234375,-0.3281707763671875,-0.447906494140625
63.590,-0.32305908203125,-0.3101043701171875,-0.33721923828125
63.609,-0.3077392578125,-0.3184967041015625,-0.26885986328125
63.629,-0.3194580078125,-0.3152313232421875,-0.2379302978515625
63.655,-0.32659912109375,-0.3082427978515625,-0.178619384765625
63.669,-0.3477630615234375,-0.287811279296875,-0.1180877685546875
63.688,-0.3423004150390625,-0.2791290283203125,-0.0873260498046875
63.707,-0.4041748046875,-0.32275390625,-0.09173583984375
63.735,-0.4964752197265625,-0.339630126953125,-0.082611083984375
63.748,-0.55645751953125,-0.34246826171875,-0.0724945068359375
63.766,-0.5872650146484375,-0.3343505859375,-0.130126953125
63.786,-0.6514739990234375,-0.369140625,-0.2165374755859375
63.815,-0.7868804931640625,-0.43121337890625,-0.2164459228515625
63.825,-0.9366455078125,-0.418975830078125,-0.2359466552734375
63.844,-1.059860229492188,-0.50341796875,-0.3296661376953125
63.864,-1.16192626953125,-0.5688018798828125,-0.4357452392578125
63.895,-1.282272338867188,-0.6027679443359375,-0.520294189453125
63.903,-1.4053955078125,-0.6613616943359375,-0.6324615478515625
63.923,-1.498748779296875,-0.6944427490234375,-0.776885986328125
63.943,-1.526275634765625,-0.7412567138671875,-0.8557586669921875
63.975,-1.444107055664062,-0.7400360107421875,-0.8546600341796875
63.982,-1.316558837890625,-0.668304443359375,-0.9167633056640625
64.002,-1.199615478515625,-0.6237945556640625,-1.032196044921875
64.021,-1.073577880859375,-0.5908660888671875,-1.121597290039062
64.042,-0.951385498046875,-0.5411224365234375,-1.203933715820312
64.061,-0.827850341796875,-0.49664306640625,-1.229522705078125
64.079,-0.71539306640625,-0.4479522705078125,-1.1737060546875
64.099,-0.613616943359375,-0.41943359375,-1.12701416015625
64.119,-0.5399322509765625,-0.39801025390625,-1.098922729492188
64.138,-0.477020263671875,-0.3743133544921875,-1.055160522460938
64.157,-0.4281768798828125,-0.3533935546875,-1.008056640625
64.178,-0.3788604736328125,-0.33184814453125,-0.9502716064453125
64.198,-0.3379058837890625,-0.3360595703125,-0.8923187255859375
64.216,-0.3023223876953125,-0.3225250244140625,-0.8386993408203125
64.234,-0.3001708984375,-0.3226165771484375,-0.7900390625
64.255,-0.29339599609375,-0.307830810546875,-0.7132720947265625
64.275,-0.25848388671875,-0.3062591552734375,-0.6332244873046875
64.295,-0.217132568359375,-0.2817535400390625,-0.5957489013671875
64.314,-0.19854736328125,-0.2530975341796875,-0.5705718994140625
64.334,-0.1903839111328125,-0.2635498046875,-0.476348876953125
64.353,-0.1994171142578125,-0.277923583984375,-0.3648834228515625
64.375,-0.237518310546875,-0.2897796630859375,-0.3091888427734375
64.393,-0.2898712158203125,-0.309722900390625,-0.25775146484375
64.412,-0.321929931640625,-0.34130859375,-0.1954803466796875
64.432,-0.3340606689453125,-0.3570404052734375,-0.1403045654296875
64.455,-0.369293212890625,-0.33880615234375,-0.1099700927734375
64.471,-0.41021728515625,-0.33087158203125,-0.104522705078125
64.490,-0.429779052734375,-0.3539276123046875,-0.1187286376953125
64.510,-0.49688720703125,-0.3832855224609375,-0.155303955078125
64.535,-0.620025634765625,-0.390045166015625,-0.17852783203125
64.549,-0.6757354736328125,-0.407196044921875,-0.1686859130859375
64.569,-0.71783447265625,-0.4476165771484375,-0.1998138427734375
64.588,-0.8527374267578125,-0.4302215576171875,-0.20965576171875
64.617,-0.9971160888671875,-0.451934814453125,-0.1389312744140625
64.627,-1.114593505859375,-0.47393798828125,-0.14495849609375
64.648,-1.215957641601562,-0.505401611328125,-0.2501983642578125
64.667,-1.322586059570312,-0.548583984375,-0.416107177734375
64.697,-1.386398315429688,-0.629638671875,-0.658477783203125
64.706,-1.370834350585938,-0.662872314453125,-0.95587158203125
64.725,-1.287933349609375,-0.6383056640625,-1.170745849609375
64.745,-1.1866455078125,-0.6116943359375,-1.21282958984375
64.776,-1.100021362304688,-0.590576171875,-1.224578857421875
64.784,-1.017486572265625,-0.581573486328125,-1.261428833007812
64.804,-0.949310302734375,-0.5685882568359375,-1.275924682617188
64.823,-0.868438720703125,-0.5279693603515625,-1.250411987304688
64.856,-0.769775390625,-0.4888458251953125,-1.181930541992188
64.861,-0.681793212890625,-0.4534912109375,-1.1114501953125
64.882,-0.60369873046875,-0.41790771484375,-1.05731201171875
64.901,-0.5353546142578125,-0.387237548828125,-0.9998626708984375
64.922,-0.4886932373046875,-0.3564605712890625,-0.9465484619140625
64.940,-0.4474945068359375,-0.3442840576171875,-0.8810272216796875
64.960,-0.399200439453125,-0.3432159423828125,-0.8145599365234375
64.980,-0.3767852783203125,-0.341705322265625,-0.7572784423828125
64.999,-0.369293212890625,-0.341339111328125,-0.7030181884765625
65.018,-0.3468170166015625,-0.340667724609375,-0.6699981689453125
65.039,-0.3077392578125,-0.32855224609375,-0.622039794921875
65.057,-0.2713165283203125,-0.3214111328125,-0.5752410888671875
65.078,-0.2563629150390625,-0.3106231689453125,-0.5357513427734375
65.099,-0.2534637451171875,-0.3050689697265625,-0.4972686767578125
65.117,-0.2709197998046875,-0.301910400390625,-0.440948486328125
65.136,-0.2590789794921875,-0.3035736083984375,-0.3658294677734375
65.157,-0.2680816650390625,-0.2924041748046875,-0.277618408203125
65.176,-0.2574615478515625,-0.2872161865234375,-0.1796875
65.195,-0.2392730712890625,-0.2648468017578125,-0.1003875732421875
65.217,-0.235626220703125,-0.2730255126953125,-0.0737762451171875
65.234,-0.2885589599609375,-0.280609130859375,-0.0722808837890625
65.254,-0.37591552734375,-0.3150787353515625,-0.091552734375
65.274,-0.5293121337890625,-0.3307952880859375,-0.0960235595703125
65.294,-0.6408233642578125,-0.3513031005859375,-0.0980987548828125
65.312,-0.7109832763671875,-0.365966796875,-0.097991943359375
65.335,-0.7881927490234375,-0.357879638671875,-0.1142425537109375
65.352,-0.8855133056640625,-0.3361053466796875,-0.1111297607421875
65.371,-0.909423828125,-0.345703125,-0.1099090576171875
65.391,-0.954559326171875,-0.3404541015625,-0.231719970703125
65.414,-1.092330932617188,-0.3426361083984375,-0.4245147705078125
65.430,-1.149398803710938,-0.436370849609375,-0.691650390625
65.449,-1.244659423828125,-0.5057525634765625,-1.138442993164062
65.471,-1.23919677734375,-0.588104248046875,-1.499786376953125
65.494,-1.107589721679688,-0.53106689453125,-1.475250244140625
65.508,-1.088531494140625,-0.4876861572265625,-1.4344482421875
65.527,-1.024520874023438,-0.4959259033203125,-1.355697631835938
65.548,-0.956298828125,-0.48284912109375,-1.351806640625
65.574,-0.895599365234375,-0.440032958984375,-1.440048217773438
65.586,-0.82684326171875,-0.4239654541015625,-1.504623413085938
65.606,-0.754058837890625,-0.3905029296875,-1.47052001953125
65.626,-0.6729736328125,-0.354888916015625,-1.382431030273438
65.654,-0.60394287109375,-0.3322906494140625,-1.288589477539062
65.665,-0.5424346923828125,-0.2953338623046875,-1.205764770507812
65.684,-0.4936065673828125,-0.243011474609375,-1.143478393554688
65.704,-0.408172607421875,-0.2305908203125,-1.057159423828125
65.735,-0.3546142578125,-0.21038818359375,-0.9728240966796875
65.744,-0.3266448974609375,-0.2035064697265625,-0.90130615234375
65.762,-0.3160858154296875,-0.2087554931640625,-0.814300537109375
65.782,-0.30877685546875,-0.2043914794921875,-0.732025146484375
65.814,-0.2833099365234375,-0.23040771484375,-0.6801605224609375
65.821,-0.278533935546875,-0.23614501953125,-0.62567138671875
65.841,-0.2653961181640625,-0.256103515625,-0.5519256591796875
65.861,-0.2596588134765625,-0.271240234375,-0.4775238037109375
65.880,-0.2413330078125,-0.2848663330078125,-0.4388580322265625
65.900,-0.2480010986328125,-0.2800140380859375,-0.4381103515625
65.919,-0.2914276123046875,-0.2681732177734375,-0.4150848388671875
65.939,-0.292449951171875,-0.25457763671875,-0.3546905517578125
65.958,-0.2544097900390625,-0.2464752197265625,-0.2942657470703125
65.978,-0.2397308349609375,-0.245269775390625,-0.25799560546875
65.998,-0.26007080078125,-0.2636260986328125,-0.188934326171875
66.017,-0.28759765625,-0.2720947265625,-0.1011962890625
66.037,-0.2741546630859375,-0.28076171875,-0.0645294189453125
66.059,-0.300750732421875,-0.29833984375,-0.09088134765625
66.075,-0.416839599609375,-0.2976837158203125,-0.125885009765625
66.095,-0.5530242919921875,-0.309661865234375,-0.1618194580078125
66.115,-0.6471099853515625,-0.3212738037109375,-0.1995697021484375
66.136,-0.7687530517578125,-0.2923431396484375,-0.27752685546875
66.154,-0.9185028076171875,-0.3589324951171875,-0.369171142578125
66.174,-1.087188720703125,-0.4157562255859375,-0.4211273193359375
66.194,-1.234954833984375,-0.462127685546875,-0.4821624755859375
66.215,-1.359695434570312,-0.517181396484375,-0.5412445068359375
66.233,-1.414382934570312,-0.592041015625,-0.609771728515625
66.252,-1.475875854492188,-0.608154296875,-0.73834228515625
66.272,-1.540939331054688,-0.6034698486328125,-0.888427734375
66.295,-1.5089111328125,-0.6143951416015625,-1.016754150390625
66.311,-1.422409057617188,-0.5986785888671875,-1.123886108398438
66.332,-1.268936157226562,-0.5554351806640625,-1.2421875
66.350,-1.04681396484375,-0.474090576171875,-1.340850830078125
66.376,-0.83465576171875,-0.3787841796875,-1.338226318359375
66.389,-0.6501922607421875,-0.297393798828125,-1.253402709960938
66.409,-0.5017242431640625,-0.2349090576171875,-1.173507690429688
66.428,-0.389312744140625,-0.1971588134765625,-1.13812255859375
66.454,-0.306793212890625,-0.1767730712890625,-1.108474731445312
66.467,-0.260528564453125,-0.16375732421875,-1.028900146484375
66.486,-0.205841064453125,-0.1131439208984375,-0.881072998046875
66.506,-0.1847381591796875,-0.09722900390625,-0.7802276611328125
66.534,-0.146728515625,-0.1275634765625,-0.8218536376953125
66.546,-0.23834228515625,-0.073028564453125,-0.735870361328125
66.565,-0.27545166015625,-0.0569610595703125,-0.767913818359375
66.585,-0.26416015625,-0.0332794189453125,-0.701507568359375
66.614,-0.3518218994140625,-0.034271240234375,-0.6704254150390625
66.624,-0.3987579345703125,-0.0402374267578125,-0.593902587890625
66.645,-0.3865814208984375,0.05340576171875,-0.6126861572265625
66.663,-0.39300537109375,0.031829833984375,-0.6573486328125
66.696,-0.42169189453125,0.0058441162109375,-0.5833892822265625
66.703,-0.421966552734375,0.0175323486328125,-0.5151214599609375
66.722,-0.415069580078125,-0.022247314453125,-0.534912109375
66.740,-0.338775634765625,-0.1277008056640625,-0.5955810546875
66.779,-0.30718994140625,-0.1661224365234375,-0.6326904296875
66.781,-0.3230438232421875,-0.2391510009765625,-0.62030029296875
66.800,-0.3766937255859375,-0.3333892822265625,-0.623077392578125
66.820,-0.4061279296875,-0.402618408203125,-0.7093048095703125
66.839,-0.403106689453125,-0.4234161376953125,-0.7215423583984375
66.858,-0.2954864501953125,-0.5229339599609375,-0.7893218994140625
66.878,-0.3309478759765625,-0.569915771484375,-0.8593597412109375
66.899,-0.4829559326171875,-0.4864044189453125,-0.910369873046875
66.917,-0.4717254638671875,-0.489105224609375,-1.00958251953125
66.937,-0.310638427734375,-0.5649871826171875,-1.072463989257812
66.956,-0.2985992431640625,-0.5512542724609375,-1.0396728515625
66.976,-0.4681396484375,-0.5657501220703125,-1.1556396484375
66.996,-0.4867095947265625,-0.53558349609375,-1.154541015625
67.015,-0.3087615966796875,-0.455078125,-1.096588134765625
67.037,-0.1912689208984375,-0.4178314208984375,-1.095458984375
67.055,-0.17578125,-0.3490142822265625,-1.139144897460938
67.075,-0.1601409912109375,-0.3292236328125,-1.14801025390625
67.095,-0.15802001953125,-0.308746337890625,-1.112258911132812
67.113,-0.137847900390625,-0.33892822265625,-1.100997924804688
67.135,-0.1516876220703125,-0.30706787109375,-1.114730834960938
67.153,-0.151763916015625,-0.260589599609375,-1.10418701171875
67.175,-0.1114501953125,-0.204345703125,-1.093215942382812
67.192,-0.0657806396484375,-0.1654510498046875,-1.05426025390625
67.211,-0.1042022705078125,-0.192962646484375,-1.0615234375
67.230,-0.1437225341796875,-0.2282257080078125,-1.164825439453125
67.254,-0.1016387939453125,-0.19268798828125,-1.173995971679688
67.270,-0.0701141357421875,-0.1925201416015625,-1.019989013671875
67.290,0.0073089599609375,-0.1641845703125,-0.9344482421875
67.309,0.05224609375,-0.1508636474609375,-0.9420013427734375
67.336,0.062530517578125,-0.1364288330078125,-1.013580322265625
67.349,-0.00396728515625,-0.1089324951171875,-1.022109985351562
67.368,0.0185699462890625,-0.1219940185546875,-0.984619140625
67.387,0.0746002197265625,-0.11163330078125,-0.908233642578125
67.414,0.076507568359375,-0.104400634765625,-0.925628662109375
67.426,0.05902099609375,-0.09149169921875,-0.982574462890625
67.445,0.0569305419921875,-0.105316162109375,-1.01348876953125
67.465,0.004791259765625,-0.098968505859375,-1.001785278320312
67.494,0.017333984375,-0.0942535400390625,-0.9966278076171875
67.504,0.049713134765625,-0.0976104736328125,-1.002578735351562
67.524,0.031646728515625,-0.1497955322265625,-1.009201049804688
67.545,0.0331268310546875,-0.1502685546875,-0.957733154296875
67.575,0.03900146484375,-0.1380157470703125,-0.9835357666015625
67.583,0.046142578125,-0.14727783203125,-1.031463623046875
67.602,0.0106658935546875,-0.1472015380859375,-1.05279541015625
67.622,-0.023193359375,-0.1480712890625,-1.020553588867188