04.119,0.2803497314453125,-0.21063232421875,-0.974517822265625
04.128,0.23809814453125,-0.2170562744140625,-0.9865264892578125
04.144,0.2367706298828125,-0.2285614013671875,-0.8489990234375
04.164,0.3132171630859375,-0.2267608642578125,-0.89739990234375
04.184,0.2642974853515625,-0.2840576171875,-0.87213134765625
04.203,0.2832489013671875,-0.2638702392578125,-0.8661041259765625
04.222,0.2656707763671875,-0.244873046875,-0.83673095703125
04.243,0.2507171630859375,-0.23382568359375,-0.8435516357421875
04.262,0.2371978759765625,-0.2203369140625,-0.851959228515625
04.283,0.2371826171875,-0.201416015625,-0.8262786865234375
04.301,0.2393646240234375,-0.2031707763671875,-0.7884063720703125
04.322,0.226776123046875,-0.2116851806640625,-0.7962493896484375
04.340,0.1888427734375,-0.2350006103515625,-0.867584228515625
04.360,0.1876373291015625,-0.2501068115234375,-0.9746551513671875
04.381,0.1795654296875,-0.2707672119140625,-1.087890625
04.399,0.21160888671875,-0.30535888671875,-1.189300537109375
04.419,0.2395782470703125,-0.3494110107421875,-1.341323852539062
04.439,0.19659423828125,-0.386688232421875,-1.484710693359375
04.458,0.19317626953125,-0.34454345703125,-1.608428955078125
04.477,0.1799468994140625,-0.3021087646484375,-1.621627807617188
04.499,0.19677734375,-0.26617431640625,-1.577011108398438
04.517,0.2064056396484375,-0.2520904541015625,-1.54339599609375
04.536,0.1949615478515625,-0.238372802734375,-1.499618530273438
04.556,0.177001953125,-0.213714599609375,-1.444839477539062
04.576,0.135498046875,-0.169952392578125,-1.378585815429688
04.594,0.1968994140625,-0.103790283203125,-1.307937622070312
04.616,0.2357025146484375,-0.036407470703125,-1.149887084960938
04.634,0.28656005859375,0.0145416259765625,-0.9499053955078125
04.655,0.3574066162109375,0.0683441162109375,-0.75946044921875
04.673,0.4007110595703125,0.060943603515625,-0.6436309814453125
04.695,0.4218902587890625,0.059661865234375,-0.5158538818359375
04.712,0.4857025146484375,0.0684356689453125,-0.378204345703125
04.732,0.515533447265625,0.0718841552734375,-0.3105010986328125
04.751,0.5150146484375,0.02911376953125,-0.29718017578125
04.776,0.5813446044921875,0.002838134765625,-0.26605224609375
04.790,0.62396240234375,-0.002166748046875,-0.2511444091796875
04.810,0.63006591796875,-0.012359619140625,-0.2519683837890625
04.831,0.6467437744140625,-0.0152587890625,-0.2567138671875
04.856,0.7020416259765625,-0.0123291015625,-0.2259521484375
04.869,0.6955108642578125,-0.00494384765625,-0.1804962158203125
04.889,0.7913055419921875,0.0102386474609375,-0.045745849609375
04.908,0.80023193359375,0.0378265380859375,0.154815673828125
04.936,0.871856689453125,0.0952606201171875,0.47552490234375
04.947,0.882720947265625,0.1623382568359375,0.8121337890625
04.967,0.9397125244140625,0.1901702880859375,1.0120849609375
04.986,0.985107421875,0.1744842529296875,0.981658935546875
05.016,0.911285400390625,0.108489990234375,0.8242034912109375
05.025,0.869964599609375,0.04913330078125,0.644622802734375
05.044,0.8541107177734375,0.0029449462890625,0.478057861328125
05.064,0.8516998291015625,-0.0171966552734375,0.3345947265625
05.095,0.8589630126953125,-0.02630615234375,0.1892852783203125
05.105,0.8358001708984375,-0.0350494384765625,0.0678863525390625
05.122,0.8267364501953125,-0.0292510986328125,0.01580810546875
05.142,0.822174072265625,-0.0323638916015625,-0.00457763671875
05.163,0.7969970703125,-0.0178985595703125,-0.0364227294921875
05.181,0.7567901611328125,-0.017364501953125,-0.061187744140625
05.201,0.73712158203125,-0.0166015625,-0.1215972900390625
05.221,0.734710693359375,-0.0155487060546875,-0.1772918701171875
05.240,0.7115631103515625,-0.01861572265625,-0.2601318359375
05.260,0.6798095703125,-0.0015716552734375,-0.3604583740234375
05.281,0.6557769775390625,0.0589752197265625,-0.432220458984375
05.299,0.5922393798828125,0.0032501220703125,-0.4794464111328125
05.318,0.5591583251953125,-0.060455322265625,-0.672088623046875
05.339,0.517974853515625,-0.081024169921875,-0.749114990234375
05.360,0.5494232177734375,-0.0428314208984375,-0.655914306640625
05.379,0.5514373779296875,-0.0305633544921875,-0.512725830078125
05.400,0.4033203125,-0.1792449951171875,-0.5551300048828125
05.419,0.3409271240234375,-0.240447998046875,-0.687896728515625
05.438,0.3224029541015625,-0.210235595703125,-0.6677093505859375
05.460,0.22967529296875,-0.198394775390625,-0.67529296875
05.478,0.080780029296875,-0.2904510498046875,-0.82421875
05.496,0.0234832763671875,-0.2754974365234375,-1.051422119140625
05.517,-0.0565185546875,-0.1852264404296875,-1.129745483398438
05.535,0.026519775390625,-0.029022216796875,-1.045883178710938
05.555,0.0160369873046875,0.0315399169921875,-0.9894561767578125
05.576,-0.070037841796875,0.049041748046875,-1.058563232421875
05.596,-0.1003875732421875,0.0390167236328125,-1.148452758789062
05.614,-0.1587677001953125,0.0154266357421875,-1.07421875
05.633,-0.139495849609375,-0.0057220458984375,-1.055953979492188
05.656,-0.242340087890625,-0.0786285400390625,-1.119827270507812
05.672,-0.2241058349609375,-0.105010986328125,-1.085235595703125
05.692,-0.071319580078125,-0.0855255126953125,-1.01776123046875
05.713,-0.1235198974609375,-0.089111328125,-0.9051055908203125
05.736,-0.2609100341796875,-0.1925506591796875,-0.88031005859375
05.751,-0.3095550537109375,-0.24700927734375,-0.9390869140625
05.770,-0.282470703125,-0.19384765625,-0.936798095703125
05.791,-0.6219940185546875,-0.200042724609375,-0.8271484375
05.816,-0.7913818359375,-0.315216064453125,-0.742340087890625
05.829,-0.8343048095703125,-0.5256805419921875,-1.17120361328125
05.849,-0.9452972412109375,-0.5486602783203125,-1.386123657226562
05.868,-0.852386474609375,-0.3005523681640625,-1.389266967773438
05.896,-0.7870025634765625,-0.20611572265625,-1.3182373046875
05.908,-0.6865386962890625,-0.1534576416015625,-1.226058959960938
05.928,-0.678558349609375,-0.202301025390625,-1.241928100585938
05.946,-0.614166259765625,-0.2179107666015625,-1.138351440429688
05.977,-0.6025543212890625,-0.2446136474609375,-1.066665649414062
05.986,-0.620147705078125,-0.22314453125,-0.99468994140625
06.004,-0.5838775634765625,-0.226531982421875,-0.957366943359375
06.026,-0.6041717529296875,-0.2375335693359375,-0.963623046875
06.058,-0.6527099609375,-0.294036865234375,-0.9915924072265625
06.066,-0.6605987548828125,-0.317047119140625,-1.096481323242188
06.085,-0.690948486328125,-0.28009033203125,-1.256378173828125
06.105,-0.6845703125,-0.2742767333984375,-1.409637451171875
06.135,-0.6858062744140625,-0.2360382080078125,-1.612106323242188
06.144,-0.760650634765625,-0.20281982421875,-1.649612426757812
06.163,-0.7818756103515625,-0.209564208984375,-1.611572265625
06.183,-0.8363494873046875,-0.225006103515625,-1.5665283203125
06.203,-0.854217529296875,-0.255462646484375,-1.531402587890625
06.222,-0.8873138427734375,-0.234405517578125,-1.480453491210938
06.240,-0.87310791015625,-0.174072265625,-1.42962646484375
06.260,-0.715972900390625,-0.1156005859375,-1.355377197265625
06.281,-0.628936767578125,-0.0966033935546875,-1.268386840820312
06.301,-0.5583953857421875,-0.1011505126953125,-1.239456176757812
06.320,-0.5214691162109375,-0.111968994140625,-1.30059814453125
06.339,-0.492523193359375,-0.0595703125,-1.336639404296875
06.359,-0.4337310791015625,-0.0167083740234375,-1.200485229492188
06.378,-0.332305908203125,0.0174713134765625,-1.041275024414062
06.398,-0.2433929443359375,0.0265960693359375,-0.8853607177734375
06.418,-0.1676483154296875,0.0587005615234375,-0.78021240234375
06.438,-0.1016387939453125,0.0770263671875,-0.6276092529296875
06.457,-0.003997802734375,0.051025390625,-0.4597625732421875
06.476,0.053619384765625,0.0019989013671875,-0.4114532470703125
06.498,0.07965087890625,-0.0179901123046875,-0.4057769775390625
06.516,0.169219970703125,-0.0103759765625,-0.39666748046875
06.536,0.235870361328125,-0.0150604248046875,-0.2626953125
06.555,0.3352508544921875,-0.0336151123046875,-0.15985107421875
06.577,0.349517822265625,-0.062774658203125,-0.1086273193359375
06.594,0.4122314453125,-0.074127197265625,-0.0302734375
06.616,0.501007080078125,-0.0822296142578125,-0.0319366455078125
06.627,0.565826416015625,-0.10272216796875,0.09234619140625
06.647,0.6010284423828125,-0.100494384765625,0.1280975341796875
06.664,0.6035614013671875,-0.1065216064453125,0.15643310546875
06.696,0.6239166259765625,-0.1108245849609375,0.244659423828125
06.705,0.703155517578125,-0.127960205078125,0.360687255859375
06.726,0.712799072265625,-0.13458251953125,0.358917236328125
06.745,0.760589599609375,-0.1353302001953125,0.3949432373046875
06.777,0.78369140625,-0.1286773681640625,0.3889923095703125
06.783,0.7959136962890625,-0.1295928955078125,0.405609130859375
06.804,0.8015899658203125,-0.1854705810546875,0.50091552734375
06.823,0.8163604736328125,-0.2243194580078125,0.58624267578125
06.856,0.80133056640625,-0.2513275146484375,0.6723785400390625
06.862,0.7718505859375,-0.273040771484375,0.75836181640625
06.882,0.7963409423828125,-0.2593841552734375,0.83807373046875
06.901,0.7822113037109375,-0.239471435546875,0.90380859375
06.920,0.756134033203125,-0.2123565673828125,0.979827880859375
06.940,0.761871337890625,-0.2056121826171875,1.092941284179688
06.960,0.766143798828125,-0.168731689453125,1.16387939453125
06.981,0.7325897216796875,-0.115570068359375,1.137496948242188
06.999,0.7537689208984375,-0.062774658203125,1.129425048828125
07.020,0.77142333984375,-0.04840087890625,1.077239990234375
07.038,0.772552490234375,-0.0411529541015625,0.9857330322265625
07.057,0.7594757080078125,-0.031890869140625,0.894073486328125
07.077,0.760162353515625,-0.0198211669921875,0.8162841796875
07.098,0.758880615234375,0.002044677734375,0.71331787109375
07.117,0.78143310546875,-0.0025482177734375,0.632171630859375
07.136,0.748626708984375,-0.0180816650390625,0.4970703125
07.155,0.720428466796875,-0.0028076171875,0.3777923583984375
07.176,0.6917724609375,0.0003662109375,0.2854461669921875
07.195,0.6966552734375,-0.0030975341796875,0.233154296875
07.214,0.711822509765625,-0.018768310546875,0.19293212890625
07.234,0.6566619873046875,-0.0171051025390625,0.03912353515625
07.256,0.54052734375,-0.00164794921875,-0.086761474609375
07.273,0.507904052734375,-0.0177001953125,-0.14971923828125
07.294,0.49822998046875,-0.0344085693359375,-0.275909423828125
07.312,0.4179840087890625,-0.095611572265625,-0.5951690673828125
07.336,0.367523193359375,-0.1055145263671875,-0.816619873046875
07.352,0.4405364990234375,-0.0554962158203125,-0.8182525634765625
07.371,0.4600982666015625,-0.0101470947265625,-0.725433349609375
07.390,0.3806304931640625,0.03375244140625,-0.6501007080078125
07.416,0.3303375244140625,0.0046844482421875,-0.5306243896484375
07.430,0.2831268310546875,-0.01300048828125,-0.6331634521484375
07.449,0.2651824951171875,-0.0121917724609375,-0.7127685546875
07.468,0.1651763916015625,-0.0164642333984375,-0.7322540283203125
07.495,-0.0344390869140625,-0.0537109375,-0.7889251708984375
07.508,-0.10321044921875,-0.1468048095703125,-0.8815155029296875
07.527,-0.1126861572265625,-0.19110107421875,-0.9391937255859375
07.547,-0.1455535888671875,-0.1531219482421875,-0.931396484375
07.576,-0.275054931640625,-0.122528076171875,-0.897186279296875
07.587,-0.446563720703125,-0.1808624267578125,-0.9141845703125
07.607,-0.524749755859375,-0.287841796875,-1.040679931640625
07.625,-0.5451507568359375,-0.3166961669921875,-1.186111450195312
07.656,-0.490447998046875,-0.2566070556640625,-1.297561645507812
07.664,-0.472564697265625,-0.2663421630859375,-1.429443359375
07.684,-0.40838623046875,-0.32525634765625,-1.521896362304688
07.703,-0.352935791015625,-0.2952423095703125,-1.510177612304688
07.738,-0.361480712890625,-0.2154998779296875,-1.421051025390625
07.744,-0.3830718994140625,-0.2514495849609375,-1.319137573242188
07.762,-0.3919677734375,-0.304595947265625,-1.245025634765625
07.782,-0.37884521484375,-0.3154449462890625,-1.2430419921875
07.803,-0.3694305419921875,-0.3439178466796875,-1.282852172851562
07.820,-0.3954010009765625,-0.3506927490234375,-1.36669921875
07.840,-0.37939453125,-0.343963623046875,-1.41033935546875
07.861,-0.34832763671875,-0.3040924072265625,-1.437362670898438
07.880,-0.3753814697265625,-0.2927398681640625,-1.433746337890625
07.899,-0.3948516845703125,-0.299591064453125,-1.408462524414062
07.919,-0.371856689453125,-0.28314208984375,-1.42840576171875
07.941,-0.367431640625,-0.298065185546875,-1.466659545898438
07.958,-0.4117889404296875,-0.31707763671875,-1.475784301757812
07.978,-0.414825439453125,-0.290283203125,-1.455352783203125
07.999,-0.3801727294921875,-0.257781982421875,-1.439208984375
08.016,-0.3988189697265625,-0.255767822265625,-1.397491455078125
08.036,-0.3861083984375,-0.255279541015625,-1.365234375
08.058,-0.34991455078125,-0.2230682373046875,-1.329864501953125
08.075,-0.31561279296875,-0.1708984375,-1.3037109375
08.095,-0.295196533203125,-0.123321533203125,-1.27825927734375
08.115,-0.2416839599609375,-0.08428955078125,-1.224746704101562
08.136,-0.1805419921875,-0.0375823974609375,-1.165359497070312
08.154,-0.130523681640625,-0.020294189453125,-1.112411499023438
08.173,-0.0796661376953125,-0.016937255859375,-1.039718627929688
08.194,-0.035308837890625,-0.0133209228515625,-0.9888763427734375
08.216,0.015380859375,-0.016143798828125,-0.932281494140625
08.231,0.068634033203125,-0.0264892578125,-0.88043212890625
08.251,0.1076812744140625,-0.014251708984375,-0.806427001953125
08.271,0.2008514404296875,-0.0160064697265625,-0.7538909912109375
08.296,0.2324066162109375,-0.0425567626953125,-0.7279205322265625
08.310,0.3095245361328125,-0.052337646484375,-0.6866912841796875
08.330,0.3249664306640625,-0.0694732666015625,-0.659423828125
08.349,0.37445068359375,-0.09814453125,-0.6744384765625
08.376,0.47607421875,-0.08868408203125,-0.595458984375
08.395,0.5225830078125,-0.074066162109375,-0.4749755859375
08.408,0.586029052734375,-0.0958099365234375,-0.4165496826171875
08.427,0.5616455078125,-0.1242218017578125,-0.40191650390625
08.455,0.637786865234375,-0.1068115234375,-0.2894439697265625
08.466,0.6878662109375,-0.1038665771484375,-0.1639556884765625
08.486,0.696533203125,-0.1093597412109375,-0.118560791015625
08.506,0.7188262939453125,-0.1299591064453125,-0.06439208984375
08.536,0.7108154296875,-0.0955810546875,-0.055999755859375
08.546,0.7506103515625,-0.04498291015625,-0.0068206787109375
08.565,0.77337646484375,-0.018829345703125,0.047332763671875
08.585,0.7769012451171875,-0.0176239013671875,0.1474609375
08.616,0.770660400390625,-0.019561767578125,0.1956634521484375
08.624,0.7717437744140625,-0.03155517578125,0.2522430419921875
08.643,0.769683837890625,-0.0406341552734375,0.3629150390625
08.662,0.764190673828125,-0.0388946533203125,0.441558837890625
08.683,0.776519775390625,-0.051971435546875,0.4990386962890625
08.701,0.7619476318359375,-0.044281005859375,0.5497283935546875
08.720,0.7492523193359375,-0.0341033935546875,0.5710906982421875
08.740,0.7529144287109375,-0.04998779296875,0.5878448486328125
08.758,0.726959228515625,-0.0606689453125,0.6031341552734375
08.778,0.7467193603515625,-0.0912628173828125,0.654052734375
08.800,0.735992431640625,-0.0864105224609375,0.6674041748046875
08.818,0.7417144775390625,-0.1128082275390625,0.7223358154296875
08.839,0.685028076171875,-0.1028900146484375,0.712921142578125
08.859,0.66339111328125,-0.1214752197265625,0.7346343994140625
08.878,0.7072906494140625,-0.135772705078125,0.81378173828125
08.899,0.67535400390625,-0.1276397705078125,0.8253173828125
08.917,0.6475982666015625,-0.1338653564453125,0.8177947998046875
08.939,0.6294403076171875,-0.1460723876953125,0.8556365966796875
08.956,0.609344482421875,-0.110260009765625,0.889434814453125
08.977,0.636566162109375,-0.1035919189453125,0.9616851806640625
08.997,0.5959930419921875,-0.0659027099609375,0.9642333984375
09.016,0.5946807861328125,-0.043304443359375,0.9961700439453125
09.036,0.62371826171875,-0.03167724609375,1.041641235351562
09.053,0.6393280029296875,-0.022918701171875,1.05615234375
09.073,0.6371917724609375,-0.0102996826171875,1.048004150390625
09.097,0.655975341796875,0.000823974609375,1.004989624023438
09.112,0.6574554443359375,0.01849365234375,0.952850341796875
09.132,0.683685302734375,-0.0012054443359375,0.934722900390625
09.152,0.6987457275390625,-0.0207977294921875,0.8668060302734375
09.177,0.701263427734375,-0.0155181884765625,0.7744598388671875
09.190,0.70855712890625,-0.0172271728515625,0.674652099609375
09.211,0.7045440673828125,-0.0220947265625,0.587799072265625
09.230,0.7208404541015625,-0.0284881591796875,0.5043792724609375
09.256,0.7292022705078125,-0.0283203125,0.428009033203125
09.269,0.75933837890625,-0.0257720947265625,0.3353729248046875
09.290,0.7593231201171875,-0.022308349609375,0.2901458740234375
09.307,0.7707061767578125,-0.025482177734375,0.2508697509765625
09.337,0.7905731201171875,-0.016845703125,0.1865997314453125
09.348,0.805206298828125,-0.0006103515625,0.0830230712890625
09.366,0.802764892578125,0.00946044921875,-0.0329132080078125
09.386,0.7419891357421875,-0.014739990234375,-0.0838165283203125
09.417,0.7218475341796875,-0.067535400390625,-0.107696533203125
09.425,0.7732391357421875,-0.091705322265625,-0.106597900390625
09.445,0.743865966796875,-0.0890350341796875,-0.1373291015625
09.464,0.717864990234375,-0.0603179931640625,-0.1629791259765625
09.496,0.671905517578125,-0.093109130859375,-0.248291015625
09.503,0.6517486572265625,-0.1109466552734375,-0.3002166748046875
09.522,0.654510498046875,-0.0720672607421875,-0.3680877685546875
09.542,0.6176605224609375,-0.0450897216796875,-0.43109130859375
09.563,0.5864715576171875,-0.036956787109375,-0.4632110595703125
09.582,0.511627197265625,-0.0592803955078125,-0.446624755859375
09.601,0.473358154296875,-0.0835113525390625,-0.4526519775390625
09.620,0.4223785400390625,-0.0875091552734375,-0.5226593017578125
09.641,0.3487091064453125,-0.0929718017578125,-0.639007568359375
09.660,0.22650146484375,-0.1245269775390625,-0.7118988037109375
09.681,0.2078399658203125,-0.0938873291015625,-0.7369232177734375
09.699,0.1956024169921875,-0.0578155517578125,-0.7752685546875
09.719,0.0980224609375,-0.0680084228515625,-0.8621673583984375
09.740,-0.0456390380859375,-0.09222412109375,-0.939056396484375
09.758,-0.068145751953125,-0.0937957763671875,-0.95867919921875
09.777,-0.0484619140625,-0.0596160888671875,-0.9760284423828125
09.798,-0.1648712158203125,-0.07958984375,-1.04638671875
09.817,-0.3182373046875,-0.15289306640625,-1.100921630859375
09.836,-0.374359130859375,-0.2049560546875,-1.1485595703125
09.857,-0.358917236328125,-0.186279296875,-1.112350463867188
09.876,-0.466949462890625,-0.236480712890625,-1.011978149414062
09.896,-0.5428009033203125,-0.376251220703125,-1.084930419921875
09.915,-0.600830078125,-0.45184326171875,-1.197738647460938
09.935,-0.6305389404296875,-0.4185791015625,-1.155136108398438
09.954,-0.5438385009765625,-0.2932891845703125,-1.122955322265625
09.976,-0.516387939453125,-0.1689300537109375,-1.131805419921875
09.993,-0.60546875,-0.21533203125,-1.130233764648438
10.012,-0.67572021484375,-0.357147216796875,-1.12384033203125
10.032,-0.710174560546875,-0.457733154296875,-1.097808837890625
10.058,-0.7093658447265625,-0.513214111328125,-1.08355712890625
10.071,-0.6830596923828125,-0.5473480224609375,-1.13226318359375
10.090,-0.69683837890625,-0.591644287109375,-1.144683837890625
10.110,-0.67315673828125,-0.5782928466796875,-1.193893432617188
10.137,-0.653594970703125,-0.5270233154296875,-1.213577270507812
10.148,-0.644927978515625,-0.464691162109375,-1.218780517578125
10.168,-0.643890380859375,-0.4341278076171875,-1.185165405273438
10.188,-0.6371002197265625,-0.4450531005859375,-1.207061767578125
10.217,-0.6547088623046875,-0.451812744140625,-1.289642333984375
10.227,-0.6779022216796875,-0.4614105224609375,-1.36517333984375
10.247,-0.6955413818359375,-0.501068115234375,-1.419921875
10.266,-0.7294769287109375,-0.5485382080078125,-1.411865234375
10.297,-0.71075439453125,-0.53338623046875,-1.317138671875
10.306,-0.7241058349609375,-0.5797576904296875,-1.284439086914062
10.327,-0.6716461181640625,-0.5533905029296875,-1.29925537109375
10.345,-0.658599853515625,-0.493194580078125,-1.321563720703125
10.377,-0.643707275390625,-0.4556884765625,-1.317657470703125
10.384,-0.567718505859375,-0.3985748291015625,-1.296340942382812
10.403,-0.4831695556640625,-0.352264404296875,-1.2354736328125
10.423,-0.4267120361328125,-0.3143310546875,-1.219024658203125
10.443,-0.3462371826171875,-0.29962158203125,-1.126922607421875
10.462,-0.266326904296875,-0.304107666015625,-1.058807373046875
10.482,-0.2013092041015625,-0.2731170654296875,-0.980133056640625
10.501,-0.1178131103515625,-0.24359130859375,-0.9453277587890625
10.521,-0.0472564697265625,-0.1876983642578125,-0.866241455078125
10.540,0.0451812744140625,-0.1708526611328125,-0.7777557373046875
10.560,0.0765228271484375,-0.1806488037109375,-0.6898040771484375
10.581,0.18035888671875,-0.1547698974609375,-0.562896728515625
10.599,0.2249755859375,-0.142425537109375,-0.5349273681640625
10.618,0.2912445068359375,-0.124786376953125,-0.5012969970703125
10.639,0.357635498046875,-0.0905914306640625,-0.36663818359375
10.657,0.4205474853515625,-0.0870208740234375,-0.2717742919921875
10.677,0.4443511962890625,-0.1097412109375,-0.2359161376953125
10.698,0.4715728759765625,-0.117340087890625,-0.161865234375
10.717,0.55322265625,-0.068267822265625,-0.1026611328125
10.736,0.5509185791015625,-0.0326385498046875,-0.021514892578125
10.756,0.59637451171875,-0.054840087890625,0.082977294921875
10.778,0.610992431640625,-0.081817626953125,0.1544189453125
10.795,0.603546142578125,-0.05584716796875,0.19329833984375
10.814,0.6407623291015625,-0.044525146484375,0.264312744140625
10.834,0.66729736328125,-0.0374603271484375,0.33526611328125
10.857,0.654510498046875,-0.037139892578125,0.410064697265625
10.873,0.6618194580078125,-0.0353851318359375,0.486358642578125
10.892,0.6776580810546875,-0.0297393798828125,0.5253143310546875
10.912,0.6539459228515625,-0.042236328125,0.5833740234375
10.937,0.6805877685546875,-0.0466461181640625,0.663238525390625
10.951,0.7014617919921875,-0.068328857421875,0.72955322265625
10.973,0.6810455322265625,-0.05072021484375,0.760986328125
10.990,0.663360595703125,-0.04254150390625,0.779266357421875
11.016,0.6543121337890625,-0.069580078125,0.8579864501953125
11.031,0.6394805908203125,-0.0911712646484375,0.9280242919921875
11.049,0.6295623779296875,-0.1151123046875,0.9996337890625
11.069,0.5876007080078125,-0.1380462646484375,1.041107177734375
11.096,0.549591064453125,-0.1729278564453125,1.09375
11.107,0.5739593505859375,-0.1898651123046875,1.124420166015625
11.127,0.5877685546875,-0.183074951171875,1.099639892578125
11.147,0.596343994140625,-0.1324462890625,1.044204711914062
11.176,0.608184814453125,-0.073944091796875,1.036346435546875
11.187,0.61712646484375,-0.0355682373046875,0.99700927734375
11.205,0.6302032470703125,-0.0116119384765625,0.92535400390625
11.226,0.6567230224609375,0.017730712890625,0.85430908203125
11.257,0.6555938720703125,0.0300445556640625,0.79620361328125
11.264,0.6582794189453125,0.0419769287109375,0.727508544921875
11.284,0.68798828125,0.0242767333984375,0.67498779296875
11.303,0.69024658203125,0.0190887451171875,0.6022491455078125
11.339,0.7042083740234375,0.0237579345703125,0.555999755859375
11.343,0.7028656005859375,0.0242156982421875,0.492584228515625
11.362,0.709869384765625,0.039031982421875,0.4168701171875
11.382,0.684967041015625,0.04730224609375,0.384033203125
11.403,0.7168426513671875,0.0359039306640625,0.3976898193359375
11.422,0.6912689208984375,0.0406646728515625,0.3258514404296875
11.440,0.6379852294921875,0.048126220703125,0.2315826416015625
11.460,0.6153106689453125,0.0367889404296875,0.1194915771484375
11.479,0.554168701171875,0.0355072021484375,0.043060302734375
11.499,0.641998291015625,0.0045623779296875,0.0364837646484375
11.519,0.607177734375,-0.0195465087890625,-0.11883544921875
11.538,0.548828125,-0.0273590087890625,-0.28955078125
11.558,0.55792236328125,-0.017852783203125,-0.3845062255859375
11.579,0.5072021484375,-0.037261962890625,-0.5389251708984375
11.597,0.5045928955078125,-0.06280517578125,-0.5882568359375
11.617,0.4851837158203125,-0.076904296875,-0.654815673828125
11.635,0.4787445068359375,-0.0899810791015625,-0.714263916015625
11.656,0.45098876953125,-0.0779571533203125,-0.71783447265625
11.678,0.3662567138671875,-0.1063995361328125,-0.8186492919921875
11.694,0.3151702880859375,-0.097412109375,-0.843505859375
11.714,0.273529052734375,-0.11273193359375,-0.9352569580078125
11.735,0.214141845703125,-0.1139373779296875,-0.9910125732421875
11.753,0.1661376953125,-0.1114959716796875,-1.048019409179688
11.773,0.077545166015625,-0.1250152587890625,-1.1556396484375
11.792,0.002410888671875,-0.18450927734375,-1.189529418945312
11.815,-0.0523681640625,-0.2289886474609375,-1.197769165039062
11.833,-0.0376129150390625,-0.211212158203125,-1.137893676757812
11.851,-0.0426177978515625,-0.136962890625,-1.12945556640625
11.872,-0.1422576904296875,-0.0830230712890625,-1.190872192382812
11.896,-0.141815185546875,-0.0499114990234375,-1.20611572265625
11.910,-0.153778076171875,-0.01202392578125,-1.208450317382812
11.932,-0.198486328125,0.0092010498046875,-1.211685180664062
11.949,-0.25799560546875,-0.0120697021484375,-1.206527709960938
11.975,-0.2876434326171875,-0.040924072265625,-1.213973999023438
11.989,-0.31512451171875,-0.1141204833984375,-1.22039794921875
12.008,-0.3483428955078125,-0.1682586669921875,-1.219345092773438
12.027,-0.3780517578125,-0.1907501220703125,-1.21112060546875
12.058,-0.3420867919921875,-0.18377685546875,-1.19952392578125
12.067,-0.3202056884765625,-0.1595458984375,-1.17852783203125
12.086,-0.3493499755859375,-0.1375885009765625,-1.12646484375
12.106,-0.3533782958984375,-0.1378326416015625,-1.093292236328125
12.136,-0.36517333984375,-0.1577911376953125,-1.095428466796875
12.145,-0.382598876953125,-0.1663665771484375,-1.085983276367188
12.164,-0.394195556640625,-0.218536376953125,-1.141677856445312
12.183,-0.4189300537109375,-0.2664337158203125,-1.209808349609375
12.215,-0.395660400390625,-0.2470550537109375,-1.267120361328125
12.223,-0.397918701171875,-0.2198638916015625,-1.342483520507812
12.242,-0.3949432373046875,-0.203338623046875,-1.424072265625
12.262,-0.3729400634765625,-0.197052001953125,-1.507293701171875
12.283,-0.4057159423828125,-0.172607421875,-1.502395629882812
12.301,-0.3940582275390625,-0.1352386474609375,-1.415924072265625
12.322,-0.3790130615234375,-0.14154052734375,-1.367080688476562
12.340,-0.373870849609375,-0.176239013671875,-1.3306884765625
12.360,-0.35845947265625,-0.184478759765625,-1.300048828125
12.379,-0.3380126953125,-0.1674652099609375,-1.295242309570312
12.399,-0.3167877197265625,-0.1392669677734375,-1.253448486328125
12.419,-0.29345703125,-0.1114044189453125,-1.196929931640625
12.438,-0.254119873046875,-0.086700439453125,-1.126876831054688
12.458,-0.2006378173828125,-0.0860748291015625,-1.075851440429688
12.477,-0.164215087890625,-0.092987060546875,-1.0667724609375
12.497,-0.1431427001953125,-0.0850067138671875,-1.09552001953125
12.518,-0.082305908203125,-0.0690460205078125,-1.12591552734375
12.536,-0.058380126953125,-0.040557861328125,-1.159408569335938
12.556,-0.003265380859375,-0.011749267578125,-1.184371948242188
12.575,0.0590057373046875,-0.012939453125,-1.179229736328125
12.594,0.09808349609375,-0.010986328125,-1.15399169921875
12.616,0.1707305908203125,-0.0169677734375,-1.1270751953125
12.634,0.2398681640625,-0.0144500732421875,-1.029525756835938
12.653,0.3224029541015625,-0.0140228271484375,-0.9544677734375
12.673,0.35504150390625,-0.0224151611328125,-0.8514404296875
12.696,0.40069580078125,-0.02264404296875,-0.7183380126953125
12.713,0.47344970703125,-0.0342254638671875,-0.597442626953125
12.731,0.4951324462890625,-0.0482177734375,-0.5032196044921875
12.751,0.477935791015625,-0.053436279296875,-0.4535369873046875
12.776,0.49365234375,-0.085113525390625,-0.4589691162109375
12.790,0.524139404296875,-0.1009674072265625,-0.292266845703125
12.810,0.5896453857421875,-0.120880126953125,-0.186248779296875
12.830,0.6004791259765625,-0.1290740966796875,-0.147247314453125
12.856,0.576751708984375,-0.1546478271484375,-0.1350555419921875
12.868,0.621185302734375,-0.1534881591796875,-0.0885467529296875
12.888,0.65179443359375,-0.1380767822265625,0.024658203125
12.908,0.6793212890625,-0.1185455322265625,0.1024169921875
12.937,0.68145751953125,-0.120208740234375,0.2022247314453125
12.951,0.69451904296875,-0.110504150390625,0.226165771484375
12.968,0.6952667236328125,-0.1168060302734375,0.310638427734375
12.986,0.7138671875,-0.10516357421875,0.379730224609375
13.015,0.7118988037109375,-0.107208251953125,0.4458160400390625
13.025,0.6827392578125,-0.0922698974609375,0.4670257568359375
13.046,0.7042083740234375,-0.08734130859375,0.51580810546875
13.064,0.6990966796875,-0.0739593505859375,0.5513763427734375
13.096,0.6924285888671875,-0.0547332763671875,0.5809783935546875
13.103,0.7083740234375,-0.06640625,0.6565704345703125
13.123,0.7054595947265625,-0.072540283203125,0.72265625
13.143,0.6701507568359375,-0.0668487548828125,0.7691192626953125
13.175,0.65936279296875,-0.0535888671875,0.803741455078125
13.182,0.6626739501953125,-0.055999755859375,0.8622283935546875
13.202,0.6525421142578125,-0.053619384765625,0.917877197265625
13.221,0.6284637451171875,-0.0497283935546875,0.9724884033203125
13.240,0.5957183837890625,-0.136444091796875,1.0855712890625
13.260,0.5814666748046875,-0.1711273193359375,1.19854736328125
13.281,0.6168670654296875,-0.1077117919921875,1.1944580078125
13.300,0.580810546875,-0.07635498046875,1.16229248046875
13.319,0.60943603515625,-0.017852783203125,1.128692626953125
13.339,0.659698486328125,0.0240631103515625,1.060302734375
13.358,0.6923828125,0.080047607421875,0.966552734375
13.377,0.701934814453125,0.1045989990234375,0.883880615234375
13.399,0.6896514892578125,0.1131591796875,0.7769775390625
13.418,0.6758880615234375,0.097381591796875,0.70159912109375
13.436,0.699737548828125,0.0621185302734375,0.6340179443359375
13.456,0.6988372802734375,0.040740966796875,0.5534210205078125
13.475,0.67266845703125,0.017578125,0.45050048828125
13.495,0.676971435546875,0.011749267578125,0.3598175048828125
13.514,0.666015625,0.0001373291015625,0.3206939697265625
13.534,0.6606292724609375,-0.0194244384765625,0.3043212890625
13.554,0.6568450927734375,-0.0266876220703125,0.2430572509765625
13.575,0.59185791015625,-0.051300048828125,0.1305389404296875
13.593,0.58349609375,-0.104705810546875,-0.009796142578125
13.613,0.605987548828125,-0.10504150390625,-0.1585235595703125
13.631,0.6024322509765625,-0.1205902099609375,-0.27392578125
13.656,0.5849761962890625,-0.0960845947265625,-0.4869384765625
13.670,0.5943603515625,-0.0219573974609375,-0.5952606201171875
13.690,0.6794586181640625,0.0146331787109375,-0.57080078125
13.710,0.652130126953125,0.022857666015625,-0.478759765625
13.735,0.609832763671875,-0.0098114013671875,-0.464019775390625
13.749,0.545257568359375,-0.0514373779296875,-0.5247344970703125
13.768,0.4649658203125,-0.0788116455078125,-0.69305419921875
13.794,0.4440765380859375,-0.0654144287109375,-0.7060394287109375
13.818,0.4366302490234375,-0.073333740234375,-0.7005157470703125
13.827,0.3651123046875,-0.127777099609375,-0.84222412109375
13.847,0.22509765625,-0.177276611328125,-1.082672119140625
13.868,0.186431884765625,-0.16143798828125,-1.11187744140625
13.897,0.261871337890625,-0.1587066650390625,-0.9906158447265625
13.907,0.270263671875,-0.15570068359375,-0.9101715087890625
13.926,0.197662353515625,-0.16961669921875,-0.9335784912109375
13.945,0.1104583740234375,-0.18951416015625,-0.95635986328125
13.975,0.07879638671875,-0.1976776123046875,-1.002883911132812
13.984,0.01214599609375,-0.214691162109375,-1.132247924804688
14.003,-0.0520782470703125,-0.1980438232421875,-1.140838623046875
14.024,-0.058685302734375,-0.186798095703125,-1.075119018554688
14.043,-0.0770416259765625,-0.222900390625,-1.052627563476562
14.063,-0.1228790283203125,-0.247344970703125,-1.131378173828125
14.082,-0.144073486328125,-0.2244110107421875,-1.13787841796875
14.102,-0.229583740234375,-0.23046875,-1.153915405273438
14.121,-0.236419677734375,-0.270233154296875,-1.21484375
14.140,-0.249481201171875,-0.2956390380859375,-1.285476684570312
14.160,-0.2494659423828125,-0.2993621826171875,-1.334136962890625
14.179,-0.2393341064453125,-0.2938690185546875,-1.376007080078125
14.199,-0.212982177734375,-0.304412841796875,-1.403549194335938
14.218,-0.1821441650390625,-0.3199462890625,-1.459152221679688
14.238,-0.1660614013671875,-0.3220062255859375,-1.51959228515625
14.260,-0.1566925048828125,-0.3251190185546875,-1.578948974609375
14.277,-0.158416748046875,-0.33648681640625,-1.60833740234375
14.297,-0.1260528564453125,-0.334625244140625,-1.625396728515625
14.318,-0.1225738525390625,-0.3048095703125,-1.690567016601562
14.335,-0.126739501953125,-0.266998291015625,-1.701446533203125
14.355,-0.1367034912109375,-0.217010498046875,-1.653411865234375
14.377,-0.1256866455078125,-0.1610107421875,-1.606582641601562
14.394,-0.107177734375,-0.1058807373046875,-1.584976196289062
14.415,-0.1449737548828125,-0.0526580810546875,-1.602386474609375
14.435,-0.1441650390625,-0.010833740234375,-1.56903076171875
14.456,-0.1306915283203125,0.00909423828125,-1.465087890625
14.473,-0.08013916015625,0.0236053466796875,-1.336151123046875
14.494,-0.0424346923828125,0.0051116943359375,-1.232391357421875
14.515,-0.0493011474609375,0.001739501953125,-1.176742553710938
14.536,0.02056884765625,0.02886962890625,-1.058151245117188
14.553,0.082855224609375,0.05267333984375,-0.9215850830078125
14.574,0.1562347412109375,0.0261383056640625,-0.7827301025390625
14.592,0.180389404296875,-0.0145263671875,-0.7156524658203125
14.616,0.2158660888671875,-0.0114593505859375,-0.6926116943359375
14.633,0.257232666015625,0.0111236572265625,-0.5811309814453125
14.651,0.33953857421875,-0.0089263916015625,-0.4425506591796875
14.670,0.3766326904296875,-0.02142333984375,-0.41119384765625
14.696,0.3841552734375,-0.0791015625,-0.3740081787109375
14.709,0.427215576171875,-0.116424560546875,-0.376068115234375
14.729,0.506103515625,-0.1161956787109375,-0.2832489013671875
14.749,0.563873291015625,-0.1084442138671875,-0.185760498046875
14.776,0.6214752197265625,-0.11676025390625,-0.1085662841796875
14.788,0.6079559326171875,-0.1372222900390625,-0.0866851806640625
14.808,0.6740570068359375,-0.1388092041015625,0.0033111572265625
14.828,0.6763153076171875,-0.1358795166015625,0.0885467529296875
14.855,0.7255706787109375,-0.156341552734375,0.168548583984375
14.867,0.7418212890625,-0.16912841796875,0.222381591796875
14.887,0.7324371337890625,-0.1566619873046875,0.2923431396484375
14.905,0.76580810546875,-0.1223297119140625,0.3370361328125
14.937,0.7524871826171875,-0.110076904296875,0.4055023193359375
14.944,0.739532470703125,-0.0851593017578125,0.466583251953125
14.964,0.733551025390625,-0.0680999755859375,0.4842376708984375
14.984,0.7237701416015625,-0.04010009765625,0.534515380859375
15.015,0.73291015625,-0.019256591796875,0.5672454833984375
15.024,0.7126007080078125,-0.0015869140625,0.61175537109375
15.042,0.7151031494140625,-0.0145263671875,0.63873291015625
15.062,0.702789306640625,-0.0281829833984375,0.6521453857421875
15.081,0.6820526123046875,-0.0815277099609375,0.6965179443359375
15.101,0.696685791015625,-0.1202239990234375,0.7176971435546875
15.120,0.66839599609375,-0.158233642578125,0.7845458984375
15.140,0.6512451171875,-0.2043914794921875,0.841156005859375
15.159,0.5847930908203125,-0.2032470703125,0.8746795654296875
15.179,0.5358123779296875,-0.19305419921875,0.9263458251953125
15.199,0.4820098876953125,-0.23504638671875,1.050979614257812
15.221,0.446441650390625,-0.281951904296875,1.187652587890625
15.238,0.457427978515625,-0.26751708984375,1.252059936523438
15.257,0.424285888671875,-0.248443603515625,1.166854858398438
15.277,0.476348876953125,-0.18994140625,1.021530151367188
15.296,0.541015625,-0.1452178955078125,0.9285888671875
15.316,0.57781982421875,-0.109893798828125,0.887786865234375
15.336,0.585418701171875,-0.087493896484375,0.897735595703125
15.355,0.6007843017578125,-0.0699005126953125,0.905487060546875
15.375,0.6333160400390625,-0.0785980224609375,0.9075927734375
15.395,0.6395263671875,-0.0751800537109375,0.8690643310546875
15.415,0.6327972412109375,-0.070159912109375,0.7838287353515625
15.434,0.6446380615234375,-0.0737152099609375,0.7086181640625
15.454,0.678955078125,-0.071502685546875,0.6550140380859375
15.475,0.6991729736328125,-0.06787109375,0.6116943359375
15.496,0.7266693115234375,-0.0743560791015625,0.5598907470703125
15.512,0.7026519775390625,-0.0466461181640625,0.4812164306640625
15.532,0.721527099609375,-0.0360870361328125,0.4210052490234375
15.551,0.7163238525390625,-0.0185546875,0.352813720703125
15.575,0.7623748779296875,-0.0191192626953125,0.368255615234375
15.590,0.7738800048828125,-0.005950927734375,0.32757568359375
15.609,0.7221527099609375,0.022247314453125,0.21441650390625
15.629,0.6938323974609375,-0.0164947509765625,0.084381103515625
15.656,0.6926727294921875,-0.0811004638671875,0.0813446044921875
15.669,0.7676849365234375,-0.1092376708984375,0.1067047119140625
15.688,0.67547607421875,-0.0909576416015625,-0.0193634033203125
15.707,0.65289306640625,-0.108245849609375,-0.1745147705078125
15.735,0.6157989501953125,-0.1208648681640625,-0.2752838134765625
15.746,0.604156494140625,-0.139984130859375,-0.2835693359375
15.766,0.6530914306640625,-0.1527099609375,-0.3638153076171875
15.785,0.576263427734375,-0.1519012451171875,-0.50701904296875
15.815,0.539093017578125,-0.1565704345703125,-0.5474853515625
15.825,0.5239715576171875,-0.1517791748046875,-0.6109619140625
15.845,0.451080322265625,-0.14910888671875,-0.7798614501953125
15.865,0.400238037109375,-0.17938232421875,-0.90594482421875
15.895,0.3734130859375,-0.191314697265625,-0.8871917724609375
15.903,0.3892822265625,-0.1916656494140625,-0.7744140625
15.925,0.3194122314453125,-0.189300537109375,-0.759246826171875
15.942,0.2628173828125,-0.2329864501953125,-0.84808349609375
15.963,0.2254180908203125,-0.23602294921875,-0.972686767578125
15.981,0.194732666015625,-0.2154693603515625,-0.989013671875
16.000,0.11346435546875,-0.2059326171875,-0.9233856201171875
16.020,0.010528564453125,-0.24896240234375,-1.014663696289062
16.041,-0.0186614990234375,-0.287139892578125,-1.120025634765625
16.060,-0.05621337890625,-0.3023681640625,-1.175628662109375
16.079,-0.119049072265625,-0.256500244140625,-1.148300170898438
16.099,-0.1591949462890625,-0.2038116455078125,-1.099029541015625
16.120,-0.1974029541015625,-0.2090911865234375,-1.099472045898438
16.137,-0.2487335205078125,-0.2432708740234375,-1.108306884765625
16.157,-0.2958831787109375,-0.27728271484375,-1.176223754882812
16.179,-0.314483642578125,-0.295806884765625,-1.25311279296875
16.196,-0.292755126953125,-0.3237152099609375,-1.351806640625
16.216,-0.2348785400390625,-0.340240478515625,-1.470138549804688
16.236,-0.2176971435546875,-0.3478240966796875,-1.523117065429688
16.256,-0.2177734375,-0.2987213134765625,-1.4744873046875
16.273,-0.182037353515625,-0.2579803466796875,-1.376663208007812
16.297,-0.2124481201171875,-0.292266845703125,-1.309585571289062
16.315,-0.217437744140625,-0.3277587890625,-1.262557983398438
16.333,-0.1801300048828125,-0.34130859375,-1.240997314453125
16.353,-0.175323486328125,-0.3565826416015625,-1.260284423828125
16.378,-0.18426513671875,-0.340362548828125,-1.276031494140625
16.392,-0.182464599609375,-0.320892333984375,-1.30413818359375
16.412,-0.1669769287109375,-0.31317138671875,-1.343948364257812
16.431,-0.1595916748046875,-0.31475830078125,-1.375701904296875
16.458,-0.1831207275390625,-0.300262451171875,-1.413406372070312
16.470,-0.1905975341796875,-0.2961578369140625,-1.404449462890625
16.490,-0.177978515625,-0.2809600830078125,-1.364166259765625
16.510,-0.1705322265625,-0.2519683837890625,-1.336288452148438
16.535,-0.1568603515625,-0.2178802490234375,-1.328460693359375
16.549,-0.123321533203125,-0.168853759765625,-1.339813232421875
16.570,-0.099700927734375,-0.1399383544921875,-1.349624633789062
16.587,-0.077667236328125,-0.109375,-1.332199096679688
16.616,-0.053619384765625,-0.0914306640625,-1.349029541015625
16.627,-0.0436248779296875,-0.0609588623046875,-1.327987670898438
16.646,0.0049285888671875,-0.0252685546875,-1.245452880859375
16.666,0.05169677734375,-0.0035400390625,-1.160736083984375
16.695,0.0872650146484375,-0.006561279296875,-1.113540649414062
16.706,0.080047607421875,-0.0114898681640625,-1.134506225585938
16.725,0.149200439453125,-0.0100555419921875,-1.051895141601562
16.744,0.23101806640625,-0.0104522705078125,-0.94403076171875
16.775,0.2737884521484375,-0.02191162109375,-0.86767578125
16.783,0.337188720703125,-0.075164794921875,-0.8409881591796875
16.803,0.34112548828125,-0.09332275390625,-0.8135223388671875
16.823,0.401519775390625,-0.102386474609375,-0.749114990234375
16.843,0.4705963134765625,-0.0964508056640625,-0.597015380859375
16.862,0.5190887451171875,-0.069305419921875,-0.4878692626953125
16.881,0.5323486328125,-0.1240692138671875,-0.416290283203125
16.901,0.5401763916015625,-0.1298675537109375,-0.378265380859375
16.920,0.5804443359375,-0.1031951904296875,-0.2559814453125
16.941,0.5903472900390625,-0.095184326171875,-0.1026153564453125
16.960,0.6168670654296875,-0.1067352294921875,0.007049560546875
16.979,0.598419189453125,-0.14276123046875,0.055755615234375
16.998,0.59478759765625,-0.145965576171875,0.1245574951171875
17.019,0.6187896728515625,-0.1192779541015625,0.184722900390625
17.037,0.633819580078125,-0.11614990234375,0.24896240234375
17.057,0.6370391845703125,-0.1038665771484375,0.289825439453125
17.078,0.6262054443359375,-0.0977783203125,0.3432769775390625
17.097,0.63299560546875,-0.1110382080078125,0.410369873046875
17.116,0.629669189453125,-0.100189208984375,0.4427642822265625
17.137,0.6259002685546875,-0.0965423583984375,0.4788055419921875
17.155,0.6096954345703125,-0.0904083251953125,0.5201873779296875
17.175,0.5949859619140625,-0.0618133544921875,0.558807373046875
17.194,0.5840911865234375,-0.0533294677734375,0.5948028564453125
17.216,0.5782470703125,-0.063446044921875,0.66632080078125
17.233,0.57940673828125,-0.075927734375,0.7140960693359375
17.255,0.541015625,-0.077423095703125,0.7588653564453125
17.276,0.5176849365234375,-0.0670013427734375,0.8123626708984375
17.295,0.5091552734375,-0.0804443359375,0.9484100341796875
17.314,0.46722412109375,-0.06781005859375,1.014602661132812
17.334,0.3939971923828125,-0.0456085205078125,1.1004638671875
17.353,0.392120361328125,-0.073974609375,1.302978515625
17.372,0.4303436279296875,-0.076629638671875,1.355300903320312
17.392,0.3745880126953125,-0.0526275634765625,1.297821044921875
17.415,0.379486083984375,-0.05877685546875,1.252883911132812
17.431,0.422027587890625,-0.0764007568359375,1.221710205078125
17.451,0.40875244140625,-0.0653533935546875,1.13629150390625
17.471,0.4153289794921875,-0.0562286376953125,1.051528930664062
17.496,0.4211883544921875,-0.05218505859375,1.030014038085938
17.509,0.443328857421875,-0.0672454833984375,1.034988403320312
17.530,0.47772216796875,-0.0770263671875,0.9957427978515625
17.548,0.4998321533203125,-0.0800933837890625,0.91839599609375
17.574,0.509490966796875,-0.079681396484375,0.87261962890625
17.588,0.57501220703125,-0.093231201171875,0.84619140625
17.607,0.6126251220703125,-0.1115570068359375,0.8133087158203125
17.628,0.637451171875,-0.1230926513671875,0.75640869140625
17.656,0.62567138671875,-0.111480712890625,0.6645965576171875
17.666,0.6551971435546875,-0.1018524169921875,0.602294921875
17.685,0.6666717529296875,-0.08770751953125,0.546478271484375
17.706,0.6759033203125,-0.0889892578125,0.5175933837890625
17.735,0.6795501708984375,-0.0892333984375,0.5069427490234375
17.744,0.680145263671875,-0.0680999755859375,0.44866943359375
17.763,0.6426849365234375,-0.035186767578125,0.3748779296875
17.783,0.6552734375,-0.0163726806640625,0.325469970703125
17.816,0.6420745849609375,0.000335693359375,0.304840087890625
17.822,0.6347503662109375,0.014892578125,0.2752532958984375
17.842,0.639678955078125,-0.006988525390625,0.2118988037109375
17.861,0.6321868896484375,-0.0234222412109375,0.1341552734375
17.881,0.65484619140625,-0.086639404296875,0.0528106689453125
17.900,0.64019775390625,-0.1517791748046875,-0.054443359375
17.922,0.620361328125,-0.2201690673828125,-0.1584320068359375
17.940,0.6197357177734375,-0.266326904296875,-0.2251129150390625
17.959,0.618133544921875,-0.280242919921875,-0.20953369140625
17.980,0.622772216796875,-0.3070068359375,-0.35455322265625
17.998,0.592864990234375,-0.2914886474609375,-0.485076904296875
18.018,0.5692291259765625,-0.2706756591796875,-0.56756591796875
18.038,0.5527801513671875,-0.227752685546875,-0.5443572998046875
18.058,0.5447998046875,-0.2249755859375,-0.5738372802734375
18.077,0.49603271484375,-0.2340087890625,-0.707794189453125
18.096,0.4376068115234375,-0.21990966796875,-0.7642822265625
18.116,0.3937835693359375,-0.1844024658203125,-0.7579193115234375
18.136,0.32513427734375,-0.1884307861328125,-0.81793212890625
18.155,0.212890625,-0.224212646484375,-0.9652557373046875
18.176,0.20440673828125,-0.28546142578125,-0.962554931640625
18.194,0.1618499755859375,-0.229949951171875,-0.9237213134765625
18.216,0.0733184814453125,-0.180877685546875,-0.8543701171875
18.236,0.03277587890625,-0.17791748046875,-0.8697509765625
18.255,-0.0830078125,-0.206329345703125,-1.017807006835938
18.274,-0.1995086669921875,-0.2264404296875,-1.098251342773438
18.296,-0.2672882080078125,-0.2054443359375,-1.157150268554688
18.313,-0.2459259033203125,-0.14752197265625,-1.159515380859375
18.333,-0.2968292236328125,-0.1262359619140625,-1.187301635742188
18.353,-0.3283233642578125,-0.1333160400390625,-1.246566772460938
18.376,-0.34783935546875,-0.155487060546875,-1.305313110351562
18.393,-0.3496856689453125,-0.1939697265625,-1.396499633789062
18.411,-0.305267333984375,-0.2190704345703125,-1.462722778320312
18.432,-0.262939453125,-0.2272491455078125,-1.50762939453125
18.454,-0.2637939453125,-0.22314453125,-1.521697998046875
18.470,-0.270904541015625,-0.1910400390625,-1.486526489257812
18.491,-0.25274658203125,-0.1541595458984375,-1.44207763671875
18.509,-0.2284698486328125,-0.1286163330078125,-1.393463134765625
18.535,-0.227325439453125,-0.14544677734375,-1.367919921875
18.548,-0.245452880859375,-0.173919677734375,-1.378097534179688
18.568,-0.2326202392578125,-0.1891326904296875,-1.400985717773438
18.587,-0.23284912109375,-0.190185546875,-1.419570922851562
18.615,-0.217132568359375,-0.1940765380859375,-1.428512573242188
18.627,-0.23162841796875,-0.1980438232421875,-1.445892333984375
18.645,-0.253143310546875,-0.2263641357421875,-1.447830200195312
18.665,-0.2448272705078125,-0.225006103515625,-1.452346801757812
18.695,-0.299530029296875,-0.2285614013671875,-1.45220947265625
18.705,-0.31671142578125,-0.2160186767578125,-1.413558959960938
18.726,-0.313751220703125,-0.2284393310546875,-1.3826904296875
18.744,-0.3107452392578125,-0.2320404052734375,-1.37994384765625
18.763,-0.294158935546875,-0.2523651123046875,-1.366851806640625
18.782,-0.2713623046875,-0.2609710693359375,-1.39862060546875
18.803,-0.2621612548828125,-0.247711181640625,-1.383834838867188
18.822,-0.23577880859375,-0.20953369140625,-1.384429931640625
18.843,-0.171356201171875,-0.203826904296875,-1.335235595703125
18.861,-0.1439208984375,-0.1702423095703125,-1.266693115234375
18.881,-0.056182861328125,-0.136199951171875,-1.19573974609375
18.900,-0.010223388671875,-0.10546875,-1.11749267578125
18.920,0.0671844482421875,-0.1029510498046875,-1.048477172851562
18.941,0.09930419921875,-0.0851593017578125,-0.961669921875
18.959,0.1602020263671875,-0.09368896484375,-0.903656005859375
18.979,0.195098876953125,-0.092681884765625,-0.8481292724609375
19.000,0.272430419921875,-0.0841217041015625,-0.7353668212890625
19.018,0.300994873046875,-0.0579986572265625,-0.63031005859375
19.037,0.3826904296875,-0.097930908203125,-0.5181121826171875
19.058,0.395050048828125,-0.086151123046875,-0.4944610595703125
19.075,0.4328155517578125,-0.0525054931640625,-0.4019622802734375
19.096,0.524383544921875,-0.0586090087890625,-0.303436279296875
19.117,0.5529632568359375,-0.0780487060546875,-0.2540283203125
19.136,0.5340576171875,-0.1217193603515625,-0.2652740478515625
19.154,0.573974609375,-0.118804931640625,-0.2455596923828125
19.175,0.63092041015625,-0.0855712890625,-0.164703369140625
19.194,0.6562347412109375,-0.0410003662109375,-0.068939208984375
19.213,0.678070068359375,-0.024383544921875,-0.0208587646484375
19.233,0.68426513671875,-0.018798828125,0.0566864013671875
19.256,0.6908416748046875,-0.0083465576171875,0.0863037109375
19.272,0.6973876953125,-0.0069580078125,0.1227569580078125
19.292,0.730010986328125,0.0074462890625,0.18017578125
19.311,0.7358245849609375,0.0475616455078125,0.23699951171875
19.335,0.7350616455078125,0.0608978271484375,0.29949951171875
19.350,0.7145233154296875,0.0906829833984375,0.3406219482421875
19.371,0.7010955810546875,0.1168060302734375,0.3936920166015625
19.389,0.67822265625,0.1428985595703125,0.4541015625
19.416,0.6695404052734375,0.16510009765625,0.533843994140625
19.429,0.6578521728515625,0.1833953857421875,0.5982513427734375
19.448,0.64801025390625,0.1954345703125,0.6575469970703125
19.469,0.646728515625,0.2113037109375,0.702392578125
19.495,0.6411285400390625,0.2180023193359375,0.7427825927734375
19.507,0.638671875,0.2233734130859375,0.782012939453125
19.527,0.6396942138671875,0.237548828125,0.837249755859375
19.546,0.6441802978515625,0.2508544921875,0.8903045654296875
19.577,0.6325531005859375,0.279266357421875,0.9378662109375
19.588,0.6329803466796875,0.303863525390625,0.9951019287109375
19.605,0.6472625732421875,0.335479736328125,1.052337646484375
19.624,0.644866943359375,0.3685302734375,1.078170776367188
19.657,0.6327972412109375,0.39013671875,1.086288452148438
19.663,0.651763916015625,0.369842529296875,1.060043334960938
19.684,0.66619873046875,0.3524169921875,0.9947967529296875
19.701,0.6823577880859375,0.32293701171875,0.892425537109375
19.723,0.7107391357421875,0.2868194580078125,0.8001556396484375
19.743,0.723114013671875,0.2488555908203125,0.7237548828125
19.762,0.72515869140625,0.210052490234375,0.6625518798828125
19.782,0.7203216552734375,0.175445556640625,0.6249237060546875
19.800,0.7346649169921875,0.128692626953125,0.6110076904296875
19.822,0.739776611328125,0.0890960693359375,0.6021881103515625
19.840,0.7230072021484375,0.0892181396484375,0.60400390625
19.859,0.72808837890625,0.083740234375,0.620513916015625
19.879,0.7435455322265625,0.0751800537109375,0.6277008056640625
19.898,0.748260498046875,0.0701141357421875,0.617156982421875
19.917,0.75543212890625,0.0563507080078125,0.6002349853515625
19.937,0.7433624267578125,0.054168701171875,0.553924560546875
19.957,0.74078369140625,0.062591552734375,0.52203369140625
19.977,0.729400634765625,0.07501220703125,0.454803466796875
19.996,0.764007568359375,0.066619873046875,0.4347991943359375
20.014,0.7429656982421875,0.0811004638671875,0.3632049560546875
20.035,0.72802734375,0.0942840576171875,0.2864532470703125
20.060,0.68414306640625,0.109039306640625,0.2001953125
20.075,0.7397003173828125,0.0804290771484375,0.2355804443359375
20.094,0.7038726806640625,0.03192138671875,0.1377716064453125
20.114,0.670745849609375,0.02642822265625,-0.0217742919921875
20.137,0.63909912109375,-0.00872802734375,-0.19439697265625
20.153,0.6587371826171875,-0.0638275146484375,-0.236846923828125
20.172,0.661895751953125,-0.0798797607421875,-0.3472137451171875
20.192,0.618377685546875,-0.104827880859375,-0.4674224853515625
20.215,0.5502777099609375,-0.1155548095703125,-0.5859832763671875
20.233,0.547943115234375,-0.08642578125,-0.588348388671875
20.250,0.572021484375,-0.0772857666015625,-0.5631561279296875
20.270,0.51715087890625,-0.04193115234375,-0.5465545654296875
20.296,0.4822845458984375,-0.0307159423828125,-0.585906982421875
20.309,0.4351959228515625,-0.0333251953125,-0.629852294921875
20.327,0.436309814453125,-0.0176849365234375,-0.614654541015625
20.350,0.3801422119140625,-0.0044708251953125,-0.591827392578125
20.376,0.2812652587890625,-0.0167236328125,-0.6575775146484375
20.387,0.1990966796875,-0.026458740234375,-0.696746826171875
20.408,0.169097900390625,-0.009002685546875,-0.691680908203125
20.429,0.035797119140625,0.0036773681640625,-0.746917724609375
20.455,-0.1132354736328125,-0.0111236572265625,-0.807098388671875
20.467,-0.2991485595703125,-0.07403564453125,-0.907501220703125
20.487,-0.4014739990234375,-0.1236572265625,-1.033050537109375
20.504,-0.4645233154296875,-0.109893798828125,-1.113250732421875
20.537,-0.5858306884765625,-0.16839599609375,-1.240509033203125
20.544,-0.6315765380859375,-0.2218017578125,-1.313522338867188
20.563,-0.58648681640625,-0.1801910400390625,-1.407135009765625
20.582,-0.5002593994140625,-0.0812835693359375,-1.43426513671875
20.603,-0.5085296630859375,-0.0329437255859375,-1.423675537109375
20.623,-0.5437164306640625,-0.0449371337890625,-1.4144287109375
20.642,-0.52996826171875,-0.0701141357421875,-1.4591064453125
20.661,-0.4819488525390625,-0.0689239501953125,-1.472000122070312
20.680,-0.5021820068359375,-0.0820159912109375,-1.47467041015625
20.700,-0.4926910400390625,-0.159088134765625,-1.53497314453125
20.720,-0.5149383544921875,-0.230438232421875,-1.55584716796875
20.739,-0.4977874755859375,-0.2266082763671875,-1.534469604492188
20.758,-0.4637298583984375,-0.18621826171875,-1.496734619140625
20.779,-0.4650726318359375,-0.183929443359375,-1.47430419921875
20.798,-0.4821319580078125,-0.222412109375,-1.432220458984375
20.818,-0.4744873046875,-0.2322540283203125,-1.379364013671875
20.837,-0.4612884521484375,-0.2014007568359375,-1.331253051757812
20.857,-0.4513397216796875,-0.158477783203125,-1.300628662109375
20.879,-0.4633026123046875,-0.1563873291015625,-1.292694091796875
20.896,-0.4519500732421875,-0.1594696044921875,-1.324325561523438
20.916,-0.44525146484375,-0.11700439453125,-1.331451416015625
20.936,-0.4188690185546875,-0.0752410888671875,-1.2950439453125
20.955,-0.4098968505859375,-0.0592193603515625,-1.268051147460938
20.975,-0.373748779296875,-0.070770263671875,-1.245941162109375
20.995,-0.366668701171875,-0.0711212158203125,-1.252273559570312
21.016,-0.3287200927734375,-0.068511962890625,-1.233413696289062
21.033,-0.2987060546875,-0.059478759765625,-1.209625244140625
21.053,-0.2251129150390625,-0.0517578125,-1.145050048828125
21.073,-0.1244354248046875,-0.0756988525390625,-1.097335815429688
21.096,-0.0076141357421875,-0.0540313720703125,-1.02142333984375
21.112,0.0371246337890625,-0.0243072509765625,-0.99853515625
21.132,0.078216552734375,-0.0298004150390625,-0.979034423828125
21.151,0.1314544677734375,-0.0088653564453125,-0.9646759033203125
21.175,0.1927337646484375,0.013397216796875,-0.921630859375
21.190,0.2397918701171875,0.004547119140625,-0.83477783203125
21.209,0.293670654296875,0.012115478515625,-0.8277740478515625
21.229,0.3352508544921875,0.029205322265625,-0.80487060546875
21.255,0.39569091796875,0.0516815185546875,-0.733673095703125
21.268,0.458587646484375,0.04901123046875,-0.609649658203125
21.286,0.486297607421875,0.0306396484375,-0.5428466796875
21.308,0.5198822021484375,-0.0095062255859375,-0.4776611328125
21.336,0.5715179443359375,-0.00677490234375,-0.4408721923828125
21.346,0.5709381103515625,0.0200653076171875,-0.4253387451171875
21.365,0.633270263671875,-0.003448486328125,-0.3355560302734375
21.388,0.647247314453125,-0.0150604248046875,-0.2581634521484375
21.415,0.6646728515625,-0.0402984619140625,-0.2220611572265625
21.424,0.667938232421875,-0.064117431640625,-0.1815643310546875
21.454,0.6967620849609375,-0.0760650634765625,-0.1857452392578125
21.464,0.7010345458984375,-0.0657806396484375,-0.153778076171875
21.496,0.753021240234375,-0.076690673828125,-0.0843505859375
21.503,0.7310791015625,-0.073516845703125,-0.0846710205078125
21.524,0.7363433837890625,-0.0675201416015625,-0.0374755859375
21.543,0.7540435791015625,-0.05255126953125,0.063323974609375
21.563,0.769287109375,-0.0407867431640625,0.1426544189453125
21.581,0.739044189453125,-0.0301513671875,0.1696319580078125
21.601,0.7344207763671875,-0.01715087890625,0.225921630859375
21.620,0.727996826171875,-0.003326416015625,0.3515625
21.640,0.70574951171875,0.0121917724609375,0.4577789306640625
21.659,0.66827392578125,0.00567626953125,0.5860595703125
21.679,0.6160125732421875,-0.0223388671875,0.7265167236328125
21.699,0.59375,-0.0403289794921875,0.9156494140625
21.718,0.5496826171875,-0.021759033203125,1.027130126953125
21.738,0.4721527099609375,-0.022857666015625,1.1727294921875
21.758,0.5217132568359375,-0.0267486572265625,1.387481689453125
21.778,0.5171356201171875,-0.0257110595703125,1.502349853515625
21.796,0.5423126220703125,-0.04229736328125,1.45916748046875
21.816,0.6210784912109375,-0.06201171875,1.26995849609375
21.837,0.650665283203125,-0.0251007080078125,1.036087036132812
21.855,0.7071533203125,-0.00567626953125,0.85601806640625
21.875,0.745361328125,-0.004791259765625,0.737396240234375
21.896,0.764251708984375,-0.0138702392578125,0.6535491943359375
21.914,0.783172607421875,-0.0238800048828125,0.6193084716796875
21.933,0.77423095703125,-0.0497283935546875,0.5763397216796875
21.953,0.775299072265625,-0.0589141845703125,0.5192108154296875
21.975,0.7696533203125,-0.0547332763671875,0.466552734375
21.991,0.7814788818359375,-0.053192138671875,0.4350128173828125
22.012,0.769561767578125,-0.0541839599609375,0.408203125
22.032,0.79718017578125,-0.061065673828125,0.38153076171875
22.056,0.77447509765625,-0.066314697265625,0.288482666015625
22.070,0.780609130859375,-0.0741119384765625,0.220794677734375
22.090,0.7803802490234375,-0.080169677734375,0.1977386474609375
22.109,0.77508544921875,-0.0657806396484375,0.2085723876953125
22.136,0.755767822265625,-0.0645294189453125,0.1634368896484375
22.148,0.7047882080078125,-0.068450927734375,0.0847625732421875
22.170,0.6708221435546875,-0.0643157958984375,0.017364501953125
22.188,0.643463134765625,-0.04559326171875,-0.069610595703125
22.216,0.6551361083984375,-0.0471343994140625,-0.1627349853515625
22.229,0.6745452880859375,-0.0547332763671875,-0.2845306396484375
22.246,0.66094970703125,-0.0344696044921875,-0.384490966796875
22.266,0.642578125,-0.047637939453125,-0.405670166015625
22.295,0.6128387451171875,-0.0884246826171875,-0.4428253173828125
22.305,0.5500030517578125,-0.1185455322265625,-0.528289794921875
22.325,0.536956787109375,-0.13348388671875,-0.6427764892578125
22.344,0.48834228515625,-0.093475341796875,-0.6913909912109375
22.375,0.481903076171875,-0.0569305419921875,-0.640838623046875
22.384,0.4270782470703125,-0.0812530517578125,-0.6677093505859375
22.404,0.2924652099609375,-0.1371307373046875,-0.8790435791015625
22.425,0.28173828125,-0.120208740234375,-1.0345458984375
22.443,0.324432373046875,-0.05230712890625,-1.012008666992188
22.463,0.249420166015625,-0.01593017578125,-0.9292144775390625
22.482,0.2045135498046875,-0.0702667236328125,-1.024002075195312
22.501,0.119140625,-0.13031005859375,-1.179306030273438
22.520,0.07818603515625,-0.10723876953125,-1.160781860351562
22.540,0.0503387451171875,-0.054473876953125,-1.169204711914062
22.559,0.0116424560546875,-0.0689697265625,-1.202529907226562
22.579,-0.0027313232421875,-0.0979766845703125,-1.223464965820312
22.599,-0.005828857421875,-0.0914154052734375,-1.162002563476562
22.619,-0.03045654296875,-0.085205078125,-1.09539794921875
22.637,-0.08770751953125,-0.126739501953125,-1.080780029296875
22.657,-0.1268463134765625,-0.1594085693359375,-1.096893310546875
22.677,-0.150970458984375,-0.1675262451171875,-1.092300415039062
22.696,-0.1880950927734375,-0.146240234375,-1.062606811523438
22.716,-0.2255706787109375,-0.133758544921875,-1.05108642578125
22.735,-0.252716064453125,-0.157257080078125,-1.097274780273438
22.757,-0.28924560546875,-0.215545654296875,-1.134811401367188
22.777,-0.2901611328125,-0.227508544921875,-1.223587036132812
22.794,-0.2752532958984375,-0.2705078125,-1.382217407226562
22.815,-0.2666473388671875,-0.2667236328125,-1.512985229492188
22.833,-0.2291259765625,-0.23736572265625,-1.576690673828125
22.856,-0.2280120849609375,-0.195587158203125,-1.561965942382812
22.875,-0.1977386474609375,-0.167694091796875,-1.522964477539062
22.892,-0.2091064453125,-0.18017578125,-1.485946655273438
22.912,-0.21337890625,-0.18902587890625,-1.439773559570312
22.936,-0.1998291015625,-0.1946868896484375,-1.3902587890625
22.951,-0.197601318359375,-0.2007293701171875,-1.375045776367188
22.970,-0.186737060546875,-0.1902618408203125,-1.362945556640625
22.990,-0.1876373291015625,-0.1618499755859375,-1.365142822265625
23.017,-0.195220947265625,-0.1277618408203125,-1.36749267578125
23.029,-0.1902008056640625,-0.107147216796875,-1.333236694335938
23.049,-0.173370361328125,-0.0933685302734375,-1.280410766601562
23.069,-0.17950439453125,-0.082855224609375,-1.243392944335938
23.095,-0.1479644775390625,-0.075836181640625,-1.208251953125
23.110,-0.1288299560546875,-0.0574188232421875,-1.176239013671875
23.128,-0.073211669921875,-0.04046630859375,-1.145980834960938
23.146,-0.0366668701171875,-0.0372161865234375,-1.136260986328125
23.176,0.00897216796875,-0.021575927734375,-1.135696411132812
23.186,0.07208251953125,-0.0092010498046875,-1.0904541015625
23.205,0.0963592529296875,-0.0032196044921875,-1.065811157226562
23.225,0.161468505859375,-0.0096282958984375,-1.062118530273438
23.255,0.193084716796875,-0.012054443359375,-1.034286499023438
23.264,0.25238037109375,-0.0160675048828125,-0.9721221923828125
23.283,0.3044891357421875,-0.0133819580078125,-0.903076171875
23.303,0.357666015625,-0.020538330078125,-0.854095458984375
23.337,0.398590087890625,-0.0361480712890625,-0.7540740966796875
23.342,0.4536895751953125,-0.043060302734375,-0.6491851806640625
23.362,0.50244140625,-0.0533599853515625,-0.5890960693359375
23.381,0.5108184814453125,-0.0825653076171875,-0.546600341796875
23.401,0.5384521484375,-0.098236083984375,-0.4966888427734375
23.420,0.5768280029296875,-0.10845947265625,-0.3946990966796875
23.440,0.5988922119140625,-0.1103973388671875,-0.349395751953125
23.460,0.628753662109375,-0.10040283203125,-0.3116455078125
23.479,0.648406982421875,-0.090179443359375,-0.288909912109375
23.498,0.682220458984375,-0.094635009765625,-0.2974395751953125
23.520,0.7165985107421875,-0.0829315185546875,-0.2295074462890625
23.537,0.7513580322265625,-0.0596771240234375,-0.1274566650390625
23.557,0.746490478515625,-0.0381622314453125,-0.071807861328125
23.577,0.7531280517578125,-0.053741455078125,-0.0045013427734375
23.596,0.762451171875,-0.0688018798828125,0.0697021484375
23.616,0.7574310302734375,-0.05731201171875,0.101348876953125
23.636,0.772247314453125,-0.03173828125,0.1756439208984375
23.656,0.77008056640625,-0.0199737548828125,0.2321319580078125
23.675,0.74603271484375,-0.0167236328125,0.26617431640625
23.694,0.7266845703125,-0.0169525146484375,0.3198394775390625
23.717,0.72369384765625,-0.01495361328125,0.338653564453125
23.737,0.7331390380859375,-0.012664794921875,0.3365478515625
23.754,0.7233734130859375,-0.0076904296875,0.3335723876953125
23.771,0.7264556884765625,-0.0013275146484375,0.3148193359375
23.791,0.710662841796875,0.0162353515625,0.2685394287109375
23.817,0.7037200927734375,0.02618408203125,0.2770538330078125
23.831,0.6621551513671875,0.0257568359375,0.330291748046875
23.850,0.6025848388671875,0.027862548828125,0.4970550537109375
23.870,0.4881744384765625,0.0520172119140625,0.8251495361328125
23.896,0.367950439453125,0.1889190673828125,1.247100830078125
23.910,0.1954803466796875,0.4263153076171875,1.863174438476562
23.929,0.2661590576171875,0.486785888671875,2.349380493164062
23.949,0.481353759765625,0.412841796875,2.002349853515625
23.976,0.456024169921875,0.29119873046875,1.439590454101562
23.988,0.5139617919921875,0.2745819091796875,0.971160888671875
24.008,0.598876953125,0.2625885009765625,0.7771453857421875
24.027,0.6768798828125,0.2411956787109375,0.742279052734375
24.058,0.712432861328125,0.1888885498046875,0.7403106689453125
24.066,0.7024688720703125,0.1474609375,0.70001220703125
24.086,0.6923065185546875,0.1180267333984375,0.675079345703125
24.105,0.7048187255859375,0.09075927734375,0.647979736328125
24.136,0.706085205078125,0.0668487548828125,0.6177215576171875
24.145,0.701934814453125,0.037689208984375,0.578887939453125
24.166,0.7089385986328125,0.017333984375,0.53289794921875
24.183,0.7368927001953125,0.0171051025390625,0.4818572998046875
24.216,0.748077392578125,0.022216796875,0.439971923828125
24.224,0.7870025634765625,0.0076904296875,0.44232177734375
24.242,0.818939208984375,0.0056915283203125,0.4212188720703125
24.262,0.790557861328125,0.0414276123046875,0.350494384765625
24.283,0.78863525390625,0.0597076416015625,0.276611328125
24.301,0.80242919921875,0.0558929443359375,0.2613525390625
24.321,0.8158416748046875,0.0440673828125,0.26031494140625
24.340,0.8038482666015625,0.04254150390625,0.201324462890625
24.360,0.7449493408203125,0.0458526611328125,0.1216888427734375
24.379,0.7184906005859375,0.0032196044921875,0.0275726318359375
24.397,0.7170562744140625,-0.021270751953125,-0.006744384765625
24.420,0.72802734375,-0.057708740234375,-0.0142059326171875
24.437,0.6841888427734375,-0.1090087890625,-0.03021240234375
24.458,0.7006683349609375,-0.1567535400390625,-0.0611572265625
24.479,0.6561126708984375,-0.17547607421875,-0.116455078125
24.497,0.64794921875,-0.1847686767578125,-0.1433258056640625
24.516,0.63494873046875,-0.2073974609375,-0.2001190185546875
24.537,0.6172027587890625,-0.207427978515625,-0.2519683837890625
24.555,0.540313720703125,-0.202392578125,-0.32366943359375
24.575,0.5268707275390625,-0.21875,-0.32470703125
24.595,0.49969482421875,-0.1995849609375,-0.3367919921875
24.616,0.41595458984375,-0.174652099609375,-0.4510955810546875
24.634,0.292877197265625,-0.134521484375,-0.6404571533203125
24.653,0.124542236328125,-0.119110107421875,-0.7170257568359375
24.673,0.1193389892578125,-0.119110107421875,-0.81951904296875
24.696,0.0832061767578125,-0.1080322265625,-1.011337280273438
24.712,0.02166748046875,-0.0522308349609375,-1.054794311523438
24.731,-0.1609344482421875,-0.0272064208984375,-1.188613891601562
24.751,-0.133453369140625,-0.0518798828125,-1.291793823242188
24.775,-0.126129150390625,-0.077484130859375,-1.383514404296875
24.790,-0.1655426025390625,-0.0849456787109375,-1.3343505859375
24.810,-0.1922760009765625,-0.07879638671875,-1.248291015625
24.829,-0.289398193359375,-0.10504150390625,-1.242202758789062
24.856,-0.313079833984375,-0.1531829833984375,-1.291748046875
24.868,-0.3671112060546875,-0.178985595703125,-1.335342407226562
24.887,-0.3707275390625,-0.18035888671875,-1.475418090820312
24.907,-0.3373565673828125,-0.2254638671875,-1.610488891601562
24.936,-0.28802490234375,-0.2408599853515625,-1.718475341796875
24.946,-0.2129364013671875,-0.2295989990234375,-1.804916381835938
24.966,-0.1854248046875,-0.1880950927734375,-1.785171508789062
24.987,-0.16778564453125,-0.0399169921875,-1.720977783203125
25.015,-0.227630615234375,-0.000885009765625,-1.696044921875
25.025,-0.3187713623046875,0.00079345703125,-1.614456176757812
25.044,-0.3102874755859375,0.006011962890625,-1.480789184570312
25.065,-0.299591064453125,0.055206298828125,-1.374755859375
25.097,-0.33099365234375,0.06146240234375,-1.310028076171875
25.103,-0.3372802734375,-0.048736572265625,-1.2109375
25.123,-0.2440643310546875,-0.0349273681640625,-1.115859985351562
25.142,-0.17010498046875,-0.03436279296875,-1.042724609375
25.163,-0.03485107421875,-0.0267181396484375,-0.9243927001953125
25.181,0.0076446533203125,-0.0242156982421875,-0.8789520263671875
25.201,-0.0107269287109375,-0.118499755859375,-0.8503265380859375
25.221,-0.1239166259765625,-0.2026214599609375,-0.8200225830078125
25.240,-0.13250732421875,-0.27197265625,-0.7230377197265625
25.260,-0.0325164794921875,-0.34637451171875,-0.6834869384765625
25.279,-0.047576904296875,-0.3798370361328125,-0.6893310546875
25.299,-0.06488037109375,-0.4402923583984375,-0.68304443359375
25.319,-0.0045166015625,-0.4743499755859375,-0.6563262939453125
25.338,-0.0077667236328125,-0.4839935302734375,-0.6541748046875
25.357,-0.04840087890625,-0.47735595703125,-0.64190673828125
25.377,-0.0614013671875,-0.487518310546875,-0.7260894775390625
25.396,-0.05096435546875,-0.4908294677734375,-0.7401123046875
25.417,0.002655029296875,-0.492034912109375,-0.7166595458984375
25.435,-0.01171875,-0.5425872802734375,-0.7270355224609375
25.456,-0.0939788818359375,-0.5196380615234375,-0.707794189453125
25.474,-0.14178466796875,-0.6491546630859375,-0.7405853271484375
25.497,-0.123016357421875,-0.5893096923828125,-0.7223052978515625
25.507,-0.0252685546875,-0.537139892578125,-0.805145263671875
25.526,-0.0594635009765625,-0.466583251953125,-0.9129180908203125
25.547,-0.0398712158203125,-0.3547515869140625,-0.9446868896484375
25.576,0.0651397705078125,-0.331085205078125,-0.9185333251953125
25.585,0.0968170166015625,-0.3015289306640625,-0.9138641357421875
25.605,0.117950439453125,-0.30322265625,-0.8920440673828125
25.624,0.075897216796875,-0.3061981201171875,-0.93060302734375
25.656,0.07049560546875,-0.31884765625,-0.940032958984375
25.663,0.0707244873046875,-0.3266448974609375,-0.9359893798828125
25.683,0.0532073974609375,-0.330352783203125,-0.9343414306640625
25.702,0.04388427734375,-0.34210205078125,-0.9674072265625
25.723,0.0272674560546875,-0.350372314453125,-0.9555816650390625
25.742,0.0175323486328125,-0.3713836669921875,-0.93048095703125
25.760,0.0149383544921875,-0.3874664306640625,-0.89215087890625
25.780,0.0027008056640625,-0.408172607421875,-0.8731842041015625
25.803,-0.0214385986328125,-0.4355010986328125,-0.8919677734375
25.819,0.0091552734375,-0.398345947265625,-0.866363525390625
25.840,0.0257110595703125,-0.3765411376953125,-0.8887176513671875
25.859,0.0187835693359375,-0.378692626953125,-0.90008544921875
25.878,0.0285186767578125,-0.3677978515625,-0.9100341796875
25.898,0.041107177734375,-0.3389434814453125,-0.923126220703125
25.918,0.0490570068359375,-0.3108673095703125,-0.9310760498046875
25.937,0.0493316650390625,-0.313720703125,-0.95050048828125
25.957,0.0374603271484375,-0.3337554931640625,-0.944610595703125
25.976,0.04180908203125,-0.3567047119140625,-0.9282989501953125
25.997,0.036834716796875,-0.3690948486328125,-0.912841796875
26.016,0.038360595703125,-0.3624420166015625,-0.9053192138671875
26.036,0.045013427734375,-0.3573760986328125,-0.905548095703125
26.059,0.0479278564453125,-0.3505706787109375,-0.9046783447265625
26.074,0.0510711669921875,-0.3426361083984375,-0.94024658203125
26.093,0.0480499267578125,-0.346160888671875,-0.9245452880859375
26.113,0.041351318359375,-0.3448638916015625,-0.9322509765625
26.137,0.04180908203125,-0.3574676513671875,-0.924224853515625
26.152,0.0360260009765625,-0.351898193359375,-0.9372406005859375
26.172,0.03466796875,-0.358612060546875,-0.93487548828125
26.193,0.027435302734375,-0.3502044677734375,-0.9378204345703125
26.216,0.032928466796875,-0.3488922119140625,-0.9319000244140625
26.231,0.03082275390625,-0.358612060546875,-0.923675537109375
26.251,0.047271728515625,-0.3350067138671875,-0.8627471923828125
26.270,0.0145263671875,-0.378143310546875,-0.879638671875
26.296,-0.0037078857421875,-0.3844146728515625,-0.9211273193359375
26.308,0.002716064453125,-0.3718109130859375,-0.952301025390625
26.328,0.0519866943359375,-0.355133056640625,-0.914703369140625