51.587,0.995574951171875,0.0260162353515625,-0.1418304443359375
51.599,0.9837188720703125,0.0145416259765625,-0.1434478759765625
51.621,0.948638916015625,0.0027313232421875,-0.1393280029296875
51.640,0.9688873291015625,0.0169525146484375,-0.12286376953125
51.658,0.9786529541015625,0.0161590576171875,-0.109161376953125
51.678,0.9828948974609375,-0.0045013427734375,-0.10150146484375
51.698,0.9911346435546875,-0.013671875,-0.087432861328125
51.721,0.99713134765625,-0.0159912109375,-0.070709228515625
51.737,1.016387939453125,-0.023162841796875,-0.0658721923828125
51.757,1.03509521484375,-0.0401611328125,-0.0662841796875
51.776,1.044189453125,-0.0694427490234375,-0.0638427734375
51.800,1.015823364257812,-0.1430816650390625,-0.0590972900390625
51.817,0.9984130859375,-0.2278289794921875,-0.0744171142578125
51.835,1.019882202148438,-0.240264892578125,-0.1060028076171875
51.855,1.021957397460938,-0.2192230224609375,-0.10113525390625
51.882,0.9822998046875,-0.171966552734375,-0.1065826416015625
51.894,0.9307708740234375,-0.14349365234375,-0.0760955810546875
51.913,0.9489288330078125,-0.084625244140625,-0.069488525390625
51.935,0.9683837890625,-0.039947509765625,-0.062713623046875
51.961,0.96746826171875,-0.082763671875,-0.06695556640625
51.972,0.9634246826171875,-0.13055419921875,-0.070770263671875
51.993,0.939910888671875,-0.156219482421875,-0.0769805908203125
52.014,0.8773651123046875,-0.20574951171875,-0.086273193359375
52.043,0.8381805419921875,-0.2548065185546875,-0.085906982421875
52.050,0.8687896728515625,-0.313385009765625,-0.0489501953125
52.072,0.9221038818359375,-0.3002777099609375,0.03131103515625
52.090,0.9394378662109375,-0.22967529296875,0.0984344482421875
52.122,0.953857421875,-0.1273040771484375,0.1173553466796875
52.130,1.001800537109375,-0.0383148193359375,0.2598419189453125
52.149,1.170928955078125,0.0449066162109375,0.347381591796875
52.168,1.300643920898438,0.12249755859375,0.1368865966796875
52.200,1.19049072265625,0.078399658203125,0.044952392578125
52.207,0.99615478515625,-0.02581787109375,0.079864501953125
52.227,0.860076904296875,0.00946044921875,0.0712432861328125
52.247,0.849761962890625,0.1448822021484375,0.0572967529296875
52.268,0.960052490234375,0.214447021484375,0.0662384033203125
52.286,1.068878173828125,0.210052490234375,0.0680999755859375
52.305,1.107040405273438,0.136749267578125,0.0670013427734375
52.326,1.053802490234375,0.0948486328125,0.0550384521484375
52.345,0.994476318359375,0.1276702880859375,0.069580078125
52.364,0.96533203125,0.205352783203125,0.103363037109375
52.384,0.9183807373046875,0.27264404296875,0.1376495361328125
52.403,0.8610992431640625,0.32330322265625,0.15673828125
52.422,0.8569183349609375,0.27874755859375,0.1871185302734375
52.442,0.87628173828125,0.25286865234375,0.2115936279296875
52.462,0.9123992919921875,0.2210235595703125,0.18682861328125
52.482,0.90203857421875,0.079315185546875,0.211334228515625
52.501,0.9032745361328125,-0.0945587158203125,0.193389892578125
52.521,0.9725341796875,-0.15338134765625,0.0770111083984375
52.540,1.058380126953125,-0.1596832275390625,-0.0111083984375
52.560,1.052017211914062,-0.184906005859375,0.0514984130859375
52.580,1.023361206054688,-0.205322265625,0.05462646484375
52.601,1.0364990234375,-0.1742706298828125,0.00714111328125
52.619,1.0892333984375,-0.113922119140625,0.0385894775390625
52.639,1.179473876953125,-0.0349884033203125,0.051055908203125
52.659,1.239089965820312,-0.017791748046875,0.0410308837890625
52.682,1.176361083984375,-0.0594329833984375,0.0601348876953125
52.697,1.086074829101562,-0.122467041015625,0.0490875244140625
52.719,1.078018188476562,-0.1671295166015625,0.053497314453125
52.736,1.078475952148438,-0.17657470703125,0.0550537109375
52.760,1.057037353515625,-0.1644744873046875,0.0465240478515625
52.778,1.004867553710938,-0.16064453125,0.062286376953125
52.795,0.9571533203125,-0.1393890380859375,0.0913238525390625
52.815,0.8957366943359375,-0.09918212890625,0.1136932373046875
52.841,0.841705322265625,-0.0760650634765625,0.1230316162109375
52.854,0.7919769287109375,-0.07464599609375,0.143829345703125
52.873,0.746551513671875,-0.0963897705078125,0.1690216064453125
52.895,0.7147216796875,-0.08465576171875,0.168670654296875
52.921,0.6641082763671875,-0.0793914794921875,0.169189453125
52.933,0.6036529541015625,-0.0832977294921875,0.1762847900390625
52.954,0.56158447265625,-0.0956878662109375,0.1653594970703125
52.972,0.5590972900390625,-0.077392578125,0.120147705078125
53.000,0.539520263671875,-0.0198822021484375,0.1227874755859375
53.011,0.497528076171875,-0.021270751953125,0.15667724609375
53.032,0.517181396484375,-0.0274200439453125,0.1339263916015625
53.050,0.6383209228515625,-0.015167236328125,0.121734619140625
53.085,0.741790771484375,-0.0528717041015625,0.1393890380859375
53.091,0.7881622314453125,-0.0828399658203125,0.163421630859375
53.108,0.857574462890625,-0.1011810302734375,0.2039031982421875
53.129,0.987396240234375,-0.0538787841796875,0.2596893310546875
53.148,1.106964111328125,-0.0762786865234375,0.264617919921875
53.168,1.138320922851562,-0.1519317626953125,0.2969207763671875
53.187,1.073593139648438,-0.1873779296875,0.374786376953125
53.207,1.094146728515625,-0.132904052734375,0.4168701171875
53.242,1.16192626953125,-0.0536956787109375,0.4113311767578125
53.246,1.120086669921875,-0.03692626953125,0.4421234130859375
53.267,1.126113891601562,-0.0788116455078125,0.475738525390625
53.285,1.14556884765625,-0.1187591552734375,0.5057525634765625
53.305,1.164535522460938,-0.0912017822265625,0.5421295166015625
53.324,1.164459228515625,-0.1040191650390625,0.5565032958984375
53.346,1.148513793945312,-0.1171875,0.5876312255859375
53.363,1.158355712890625,-0.131103515625,0.6005096435546875
53.383,1.12738037109375,-0.164886474609375,0.607452392578125
53.403,1.118011474609375,-0.1895599365234375,0.60626220703125
53.423,1.090225219726562,-0.1510467529296875,0.6037139892578125
53.442,1.0780029296875,-0.1495819091796875,0.6019439697265625
53.463,1.083740234375,-0.1548614501953125,0.6103057861328125
53.482,1.089614868164062,-0.1331939697265625,0.618865966796875
53.500,1.089889526367188,-0.131011962890625,0.6242523193359375
53.520,1.065963745117188,-0.135894775390625,0.621063232421875
53.539,1.06536865234375,-0.1540069580078125,0.6150665283203125
53.561,1.054611206054688,-0.1268310546875,0.61224365234375
53.578,1.047500610351562,-0.1228179931640625,0.61322021484375
53.599,1.049896240234375,-0.116485595703125,0.600067138671875
53.618,1.032241821289062,-0.116851806640625,0.5948028564453125
53.641,1.02520751953125,-0.1244354248046875,0.59735107421875
53.658,1.040206909179688,-0.1259307861328125,0.5848846435546875
53.679,1.034011840820312,-0.09906005859375,0.5900726318359375
53.697,1.010955810546875,-0.08685302734375,0.5774688720703125
53.720,1.013748168945312,-0.0927276611328125,0.5554656982421875
53.738,1.004837036132812,-0.0802001953125,0.5427093505859375
53.755,0.991180419921875,-0.086761474609375,0.533203125
53.775,0.9717559814453125,-0.0908203125,0.5218353271484375
53.802,0.9615020751953125,-0.0909271240234375,0.492034912109375
53.814,0.93524169921875,-0.066680908203125,0.4615631103515625
53.834,0.9102630615234375,-0.058929443359375,0.4553985595703125
53.854,0.8904571533203125,-0.061798095703125,0.441375732421875
53.881,0.872955322265625,-0.0588226318359375,0.4268341064453125
53.892,0.857269287109375,-0.061676025390625,0.4163360595703125
53.912,0.83087158203125,-0.089691162109375,0.4127197265625
53.935,0.822540283203125,-0.1110687255859375,0.3956298828125
53.962,0.8079376220703125,-0.122955322265625,0.36724853515625
53.972,0.7966766357421875,-0.134490966796875,0.3560028076171875
53.991,0.75994873046875,-0.13177490234375,0.3539886474609375
54.010,0.7391815185546875,-0.12493896484375,0.3465423583984375
54.044,0.72491455078125,-0.0848388671875,0.346832275390625
54.049,0.7289886474609375,-0.02886962890625,0.3471832275390625
54.069,0.7369384765625,-0.010406494140625,0.3609466552734375
54.090,0.750762939453125,-0.0174407958984375,0.3885650634765625
54.108,0.7749786376953125,-0.0329132080078125,0.388946533203125
54.127,0.806884765625,-0.07745361328125,0.3861083984375
54.147,0.8431243896484375,-0.1190185546875,0.3931884765625
54.167,0.85443115234375,-0.13665771484375,0.40069580078125
54.201,0.840362548828125,-0.13323974609375,0.3838043212890625
54.206,0.8109893798828125,-0.11041259765625,0.3740692138671875
54.226,0.787445068359375,-0.0653533935546875,0.3802642822265625
54.247,0.7751922607421875,-0.0612030029296875,0.395172119140625
54.265,0.751922607421875,-0.0549163818359375,0.394256591796875
54.285,0.7471160888671875,-0.039703369140625,0.4000396728515625
54.304,0.7729034423828125,-0.027008056640625,0.3987579345703125
54.324,0.812713623046875,-0.0455780029296875,0.408660888671875
54.343,0.804931640625,-0.088043212890625,0.4056854248046875
54.363,0.79559326171875,-0.09381103515625,0.3985137939453125
54.384,0.8064422607421875,-0.0765838623046875,0.398773193359375
54.402,0.8300018310546875,-0.082916259765625,0.3863983154296875
54.423,0.841644287109375,-0.0816802978515625,0.4055328369140625
54.443,0.843963623046875,-0.05181884765625,0.3979339599609375
54.461,0.8558349609375,-0.0255126953125,0.3948822021484375
54.480,0.8476715087890625,-0.0259246826171875,0.3998565673828125
54.500,0.8468780517578125,-0.0301361083984375,0.4024505615234375
54.521,0.847137451171875,-0.0316619873046875,0.409088134765625
54.539,0.8360748291015625,-0.028228759765625,0.3791961669921875
54.559,0.7966461181640625,-0.0529937744140625,0.36151123046875
54.578,0.75616455078125,-0.049896240234375,0.3442230224609375
54.603,0.7256622314453125,-0.0748748779296875,0.35784912109375
54.619,0.699554443359375,-0.1067047119140625,0.3641357421875
54.639,0.6985931396484375,-0.07293701171875,0.3123016357421875
54.657,0.6596527099609375,-0.0843963623046875,0.27252197265625
54.681,0.6873016357421875,-0.1090850830078125,0.29620361328125
54.696,0.7610626220703125,-0.1456146240234375,0.3260955810546875
54.716,0.7942047119140625,-0.1352691650390625,0.343475341796875
54.735,0.7789459228515625,-0.05889892578125,0.32305908203125
54.762,0.7306671142578125,-0.0183563232421875,0.36968994140625
54.774,0.810089111328125,-0.05279541015625,0.4062957763671875
54.794,0.957916259765625,-0.0732421875,0.388763427734375
54.815,0.9264068603515625,-0.0903167724609375,0.384002685546875
54.842,0.8076324462890625,-0.12481689453125,0.3811492919921875
54.853,0.7523040771484375,-0.1635589599609375,0.416656494140625
54.872,0.7789306640625,-0.1963958740234375,0.4445953369140625
54.893,0.8645477294921875,-0.15435791015625,0.42889404296875
54.921,0.9224853515625,-0.15838623046875,0.4663543701171875
54.932,0.9908294677734375,-0.179107666015625,0.5538482666015625
54.951,0.984710693359375,-0.1674346923828125,0.6175537109375
54.971,0.983551025390625,-0.1719207763671875,0.6290283203125
55.001,1.018692016601562,-0.1695404052734375,0.646759033203125
55.010,1.0570068359375,-0.239501953125,0.6682586669921875
55.029,1.093032836914062,-0.2516937255859375,0.6867828369140625
55.049,1.034881591796875,-0.196136474609375,0.719451904296875
55.081,1.030532836914062,-0.238555908203125,0.73565673828125
55.088,1.080398559570312,-0.2050323486328125,0.75946044921875
55.108,1.033767700195312,-0.1705322265625,0.7589111328125
55.128,1.03424072265625,-0.2413482666015625,0.779693603515625
55.161,1.0301513671875,-0.239593505859375,0.7643585205078125
55.166,1.026641845703125,-0.21893310546875,0.7565155029296875
55.186,0.985870361328125,-0.260589599609375,0.760101318359375
55.205,1.008377075195312,-0.2490081787109375,0.735443115234375
55.225,0.9887237548828125,-0.1903228759765625,0.711456298828125
55.244,0.95672607421875,-0.2555389404296875,0.695526123046875
55.264,0.945404052734375,-0.2635040283203125,0.6801605224609375
55.284,0.940826416015625,-0.2204132080078125,0.6660614013671875
55.303,0.9461517333984375,-0.222442626953125,0.671112060546875
55.323,0.9437255859375,-0.224945068359375,0.6820068359375
55.345,0.921630859375,-0.1746063232421875,0.648590087890625
55.362,0.9132537841796875,-0.16290283203125,0.6194915771484375
55.382,0.926788330078125,-0.17559814453125,0.6096038818359375
55.401,0.9196929931640625,-0.176971435546875,0.5809478759765625
55.421,0.924041748046875,-0.1749267578125,0.561737060546875
55.441,0.94384765625,-0.17230224609375,0.54742431640625
55.460,0.950775146484375,-0.1728363037109375,0.54913330078125
55.481,0.9370574951171875,-0.15386962890625,0.5361785888671875
55.500,0.9325103759765625,-0.1366729736328125,0.51617431640625
55.519,0.941802978515625,-0.1142730712890625,0.4861907958984375
55.539,0.926300048828125,-0.1098480224609375,0.4694366455078125
55.561,0.8868408203125,-0.09307861328125,0.4661865234375
55.579,0.87860107421875,-0.0815887451171875,0.44061279296875
55.599,0.8653106689453125,-0.09808349609375,0.4150848388671875
55.618,0.8474884033203125,-0.1184844970703125,0.4105682373046875
55.641,0.8272247314453125,-0.1177825927734375,0.3991241455078125
55.656,0.820037841796875,-0.102020263671875,0.3723907470703125
55.676,0.7903900146484375,-0.095184326171875,0.356842041015625
55.696,0.7551422119140625,-0.1016845703125,0.3516998291015625
55.720,0.724761962890625,-0.08489990234375,0.3582611083984375
55.734,0.7297821044921875,-0.0556793212890625,0.3535614013671875
55.754,0.7595367431640625,-0.0350341796875,0.3497772216796875
55.774,0.7687835693359375,-0.0275726318359375,0.3512420654296875
55.801,0.76806640625,-0.0510711669921875,0.3622283935546875
55.813,0.7744903564453125,-0.0767974853515625,0.364776611328125
55.832,0.779296875,-0.0946044921875,0.3564453125
55.853,0.7947540283203125,-0.0851898193359375,0.326873779296875
55.881,0.8206024169921875,-0.0940704345703125,0.3264007568359375
55.891,0.8459320068359375,-0.0892333984375,0.3358154296875
55.911,0.8511199951171875,-0.0865478515625,0.336883544921875
55.930,0.854888916015625,-0.071563720703125,0.3256378173828125
55.960,0.869598388671875,-0.04901123046875,0.3078765869140625
55.969,0.8674163818359375,-0.0419464111328125,0.3133697509765625
55.991,0.85125732421875,-0.0440826416015625,0.3168487548828125
56.011,0.8568115234375,-0.0389251708984375,0.3031158447265625
56.043,0.8583831787109375,-0.05206298828125,0.31146240234375
56.050,0.856353759765625,-0.070831298828125,0.2911529541015625
56.067,0.864990234375,-0.08251953125,0.29315185546875
56.087,0.8782501220703125,-0.0739288330078125,0.3016204833984375
56.121,0.871612548828125,-0.0677642822265625,0.3128662109375
56.126,0.8565216064453125,-0.07928466796875,0.3119964599609375
56.146,0.84820556640625,-0.08441162109375,0.3091583251953125
56.166,0.857574462890625,-0.072784423828125,0.3254547119140625
56.185,0.838409423828125,-0.0810394287109375,0.3594970703125
56.205,0.7769012451171875,-0.106048583984375,0.3761444091796875
56.225,0.719268798828125,-0.089111328125,0.342742919921875
56.244,0.69696044921875,-0.108062744140625,0.3626251220703125
56.264,0.733673095703125,-0.1806488037109375,0.40069580078125
56.283,0.7537994384765625,-0.1754913330078125,0.3677215576171875
56.304,0.7178802490234375,-0.131134033203125,0.3410797119140625
56.323,0.7182464599609375,-0.073272705078125,0.3323516845703125
56.342,0.77081298828125,-0.0440521240234375,0.3614349365234375
56.365,0.7119598388671875,-0.08123779296875,0.3980865478515625
56.374,0.639617919921875,-0.0254974365234375,0.339935302734375
56.395,0.6137237548828125,0.0135498046875,0.3111724853515625
56.413,0.682861328125,-0.01708984375,0.3051910400390625
56.439,0.80242919921875,-0.0777740478515625,0.3305206298828125
56.454,0.832366943359375,-0.0785980224609375,0.324066162109375
56.472,0.7811126708984375,0.00970458984375,0.27227783203125
56.492,0.6840972900390625,-0.0239410400390625,0.35333251953125
56.520,0.742919921875,-0.0733795166015625,0.4055023193359375
56.531,0.8699798583984375,-0.1288299560546875,0.4228057861328125
56.551,0.87884521484375,-0.24615478515625,0.4116973876953125
56.571,0.88360595703125,-0.2353515625,0.4319610595703125
56.600,0.939727783203125,-0.174560546875,0.5065765380859375
56.608,0.9585418701171875,-0.1685333251953125,0.5406494140625
56.627,0.8935394287109375,-0.166656494140625,0.56622314453125
56.650,0.920684814453125,-0.1256256103515625,0.590179443359375
56.680,1.004791259765625,-0.137451171875,0.6807098388671875
56.689,1.006698608398438,-0.2331695556640625,0.76116943359375
56.708,0.9519195556640625,-0.2217254638671875,0.7625732421875
56.727,0.975799560546875,-0.22613525390625,0.7540283203125
56.748,0.9691162109375,-0.28131103515625,0.785186767578125
56.767,0.9708709716796875,-0.3094024658203125,0.8318023681640625
56.785,0.9711151123046875,-0.2886962890625,0.844024658203125
56.805,0.96014404296875,-0.2781219482421875,0.85687255859375
56.825,0.995208740234375,-0.29638671875,0.8931884765625
56.845,0.9600982666015625,-0.30694580078125,0.928558349609375
56.864,0.9632415771484375,-0.30072021484375,0.92510986328125
56.883,0.955810546875,-0.3161163330078125,0.9334716796875
56.904,0.9569854736328125,-0.3159637451171875,0.9328765869140625
56.923,0.944183349609375,-0.2860260009765625,0.9272918701171875
56.942,0.9275054931640625,-0.283447265625,0.9042205810546875
56.962,0.9167633056640625,-0.282806396484375,0.885009765625
56.982,0.8991546630859375,-0.26629638671875,0.861724853515625
57.001,0.8829345703125,-0.2590789794921875,0.8333282470703125
57.021,0.8582611083984375,-0.242462158203125,0.8141937255859375
57.041,0.847137451171875,-0.232269287109375,0.798675537109375
57.059,0.823333740234375,-0.22686767578125,0.7619171142578125
57.081,0.815643310546875,-0.211669921875,0.7366790771484375
57.101,0.8287353515625,-0.2034454345703125,0.71295166015625
57.119,0.827789306640625,-0.1845245361328125,0.71124267578125
57.139,0.828704833984375,-0.18157958984375,0.6807708740234375
57.159,0.8128662109375,-0.16552734375,0.6581268310546875
57.177,0.82940673828125,-0.162750244140625,0.631866455078125
57.197,0.8316650390625,-0.1433868408203125,0.5923614501953125
57.217,0.8261871337890625,-0.128753662109375,0.5834197998046875
57.239,0.839599609375,-0.1239471435546875,0.57794189453125
57.256,0.82818603515625,-0.1182098388671875,0.5596466064453125
57.276,0.8030548095703125,-0.1250457763671875,0.5353546142578125
57.295,0.802276611328125,-0.1280059814453125,0.5083160400390625
57.320,0.7839508056640625,-0.1210479736328125,0.4966888427734375
57.335,0.7808380126953125,-0.111572265625,0.4916839599609375
57.355,0.7674713134765625,-0.103668212890625,0.48004150390625
57.374,0.75469970703125,-0.092010498046875,0.4644927978515625
57.400,0.7524871826171875,-0.0893402099609375,0.4473724365234375
57.415,0.75262451171875,-0.096527099609375,0.4612274169921875
57.432,0.727203369140625,-0.1037445068359375,0.4664306640625
57.452,0.714813232421875,-0.1049652099609375,0.4568023681640625
57.480,0.714569091796875,-0.0880279541015625,0.449737548828125
57.491,0.7339630126953125,-0.0821533203125,0.42156982421875
57.511,0.7349853515625,-0.0830841064453125,0.4438629150390625
57.530,0.7321014404296875,-0.0839080810546875,0.4618072509765625
57.561,0.733306884765625,-0.072265625,0.4569244384765625
57.570,0.7347412109375,-0.063873291015625,0.437255859375
57.590,0.7514190673828125,-0.0568084716796875,0.4196319580078125
57.610,0.7720489501953125,-0.05633544921875,0.426666259765625
57.641,0.7776947021484375,-0.077392578125,0.4285125732421875
57.648,0.7749481201171875,-0.097015380859375,0.4144287109375
57.668,0.7927398681640625,-0.119964599609375,0.4276275634765625
57.687,0.805999755859375,-0.11199951171875,0.4292755126953125
57.708,0.80474853515625,-0.0805816650390625,0.4324798583984375
57.726,0.78070068359375,-0.0610504150390625,0.4349365234375
57.746,0.757659912109375,-0.0758819580078125,0.4217681884765625
57.765,0.7382354736328125,-0.1008148193359375,0.4366912841796875
57.785,0.7173919677734375,-0.1279296875,0.465576171875
57.805,0.691070556640625,-0.1305084228515625,0.450042724609375
57.824,0.6688995361328125,-0.12445068359375,0.4024200439453125
57.844,0.6635284423828125,-0.1152496337890625,0.3821563720703125
57.865,0.6796112060546875,-0.0958251953125,0.389892578125
57.883,0.682769775390625,-0.0838165283203125,0.398406982421875
57.902,0.68023681640625,-0.0914306640625,0.38372802734375
57.922,0.7281494140625,-0.052764892578125,0.37615966796875
57.941,0.78167724609375,-0.0253143310546875,0.42236328125
57.962,0.772430419921875,-0.0708465576171875,0.4277496337890625
57.981,0.69110107421875,-0.110198974609375,0.3287200927734375
58.001,0.611663818359375,-0.0966644287109375,0.264404296875
58.020,0.6103363037109375,-0.027587890625,0.3329010009765625
58.043,0.640350341796875,-0.0902099609375,0.421661376953125
58.061,0.6370849609375,-0.1329498291015625,0.371246337890625
58.079,0.554931640625,-0.128692626953125,0.2900390625
58.099,0.55133056640625,-0.072998046875,0.324951171875
58.120,0.6691131591796875,-0.11614990234375,0.365478515625
58.137,0.7563323974609375,-0.196075439453125,0.3733673095703125
58.157,0.6994476318359375,-0.1916046142578125,0.374053955078125
58.177,0.64093017578125,-0.12738037109375,0.4709625244140625
58.200,0.8303985595703125,-0.047027587890625,0.4982147216796875
58.216,1.018081665039062,-0.0877227783203125,0.512908935546875
58.237,1.054458618164062,-0.0975189208984375,0.5732574462890625
58.256,0.9993896484375,-0.1973419189453125,0.6688079833984375
58.280,1.038070678710938,-0.2304534912109375,0.74945068359375
58.295,1.094451904296875,-0.184539794921875,0.732269287109375
58.315,1.067184448242188,-0.2026214599609375,0.7248382568359375
58.334,1.083663940429688,-0.2520294189453125,0.7779693603515625
58.362,1.082046508789062,-0.33526611328125,0.8293914794921875
58.373,1.070663452148438,-0.2811431884765625,0.8411865234375
58.392,1.052474975585938,-0.2593536376953125,0.8106842041015625
58.412,1.023406982421875,-0.2962799072265625,0.83770751953125
58.441,1.017669677734375,-0.295257568359375,0.8878326416015625
58.451,1.042877197265625,-0.2768402099609375,0.9118804931640625
58.470,1.032501220703125,-0.27471923828125,0.9030303955078125
58.491,0.99761962890625,-0.25213623046875,0.8939666748046875
58.520,0.980560302734375,-0.2917633056640625,0.8981781005859375
58.530,0.99658203125,-0.2848052978515625,0.890106201171875
58.550,0.97979736328125,-0.2301025390625,0.8509521484375
58.569,0.9562530517578125,-0.2178802490234375,0.8278656005859375
58.600,0.9373016357421875,-0.2149658203125,0.8343658447265625
58.608,0.9145050048828125,-0.213958740234375,0.798004150390625
58.627,0.89093017578125,-0.203216552734375,0.7557525634765625
58.648,0.8921661376953125,-0.1949920654296875,0.7241973876953125
58.668,0.88995361328125,-0.1762237548828125,0.7229156494140625
58.686,0.8768768310546875,-0.17510986328125,0.702789306640625
58.707,0.861846923828125,-0.183502197265625,0.658111572265625
58.725,0.877655029296875,-0.1672515869140625,0.6432342529296875
58.745,0.8934326171875,-0.150360107421875,0.6429443359375
58.767,0.8904876708984375,-0.1402587890625,0.6135711669921875
58.784,0.88848876953125,-0.1457061767578125,0.58172607421875
58.805,0.8719940185546875,-0.139190673828125,0.5584259033203125
58.824,0.870269775390625,-0.1255950927734375,0.54510498046875
58.843,0.863922119140625,-0.1125640869140625,0.5327606201171875
58.863,0.8565826416015625,-0.1102752685546875,0.5179595947265625
58.883,0.8500823974609375,-0.10406494140625,0.4911041259765625
58.902,0.83428955078125,-0.0982818603515625,0.47442626953125
58.922,0.806915283203125,-0.0989990234375,0.4779510498046875
58.943,0.8000640869140625,-0.100799560546875,0.457122802734375
58.961,0.8021087646484375,-0.0895843505859375,0.4496612548828125
58.980,0.803253173828125,-0.0872039794921875,0.4338226318359375
59.001,0.7953643798828125,-0.0753936767578125,0.41656494140625
59.021,0.7819671630859375,-0.063079833984375,0.3965606689453125
59.039,0.7487640380859375,-0.06585693359375,0.41912841796875
59.059,0.71075439453125,-0.0783538818359375,0.44586181640625
59.082,0.702423095703125,-0.0885467529296875,0.4283447265625
59.098,0.7188568115234375,-0.1011810302734375,0.383026123046875
59.116,0.7199249267578125,-0.0883941650390625,0.37554931640625
59.135,0.725982666015625,-0.093475341796875,0.3701324462890625
59.161,0.725128173828125,-0.103302001953125,0.371917724609375
59.176,0.7230072021484375,-0.087615966796875,0.3899688720703125
59.196,0.73333740234375,-0.0606842041015625,0.405059814453125
59.216,0.736724853515625,-0.039886474609375,0.394775390625
59.240,0.7296295166015625,-0.0399322509765625,0.368316650390625
59.255,0.73297119140625,-0.05657958984375,0.3806304931640625
59.276,0.7536468505859375,-0.0703277587890625,0.4113616943359375
59.294,0.81292724609375,-0.0764007568359375,0.41357421875
59.320,0.860992431640625,-0.0759124755859375,0.40826416015625
59.334,0.8750152587890625,-0.0753936767578125,0.4055023193359375
59.353,0.8686676025390625,-0.07818603515625,0.397674560546875
59.372,0.85748291015625,-0.0871734619140625,0.3962860107421875
59.401,0.8428955078125,-0.10137939453125,0.3947906494140625
59.411,0.844970703125,-0.0996551513671875,0.3998870849609375
59.431,0.8529052734375,-0.0859527587890625,0.400848388671875
59.451,0.87847900390625,-0.068328857421875,0.40997314453125
59.480,0.899169921875,-0.0627288818359375,0.4029998779296875
59.489,0.907470703125,-0.0673980712890625,0.40216064453125
59.511,0.91693115234375,-0.0733489990234375,0.40740966796875
59.531,0.91387939453125,-0.071502685546875,0.39849853515625
59.561,0.90411376953125,-0.0745697021484375,0.404205322265625
59.571,0.9033660888671875,-0.0605010986328125,0.394195556640625
59.591,0.8933868408203125,-0.0581817626953125,0.400543212890625
59.609,0.8679351806640625,-0.063323974609375,0.4095458984375
59.641,0.84295654296875,-0.0819244384765625,0.40972900390625
59.649,0.8235321044921875,-0.103118896484375,0.4104766845703125
59.668,0.8081512451171875,-0.0977630615234375,0.4072113037109375
59.687,0.780364990234375,-0.103973388671875,0.4083251953125
59.708,0.732818603515625,-0.121856689453125,0.4121551513671875
59.728,0.6727447509765625,-0.1345062255859375,0.4075775146484375
59.746,0.6516265869140625,-0.114837646484375,0.38629150390625
59.766,0.6258697509765625,-0.1016387939453125,0.3963775634765625
59.788,0.6100921630859375,-0.1020660400390625,0.407867431640625
59.805,0.632598876953125,-0.0961456298828125,0.34814453125
59.825,0.6326904296875,-0.0939788818359375,0.34295654296875
59.846,0.6280975341796875,-0.060546875,0.366180419921875
59.863,0.625091552734375,-0.0432281494140625,0.39599609375
59.884,0.661590576171875,-0.0181427001953125,0.42901611328125
59.904,0.73834228515625,-0.063720703125,0.4191741943359375
59.923,0.783782958984375,-0.139892578125,0.40570068359375
59.942,0.78594970703125,-0.123199462890625,0.3900146484375
59.962,0.76177978515625,-0.144287109375,0.435577392578125
59.982,0.7653350830078125,-0.1147613525390625,0.46722412109375
60.003,0.7450408935546875,-0.1408843994140625,0.4580841064453125
60.021,0.7373046875,-0.1707763671875,0.494140625
60.042,0.8497772216796875,-0.114959716796875,0.5341033935546875
60.063,0.946441650390625,-0.1377410888671875,0.58758544921875
60.080,0.9546661376953125,-0.1574554443359375,0.61865234375
60.100,0.8430023193359375,-0.1825103759765625,0.628814697265625
60.121,0.877899169921875,-0.233245849609375,0.6627349853515625
60.139,0.9497833251953125,-0.2368011474609375,0.7015533447265625
60.158,0.920745849609375,-0.23956298828125,0.7021636962890625
60.177,0.9113616943359375,-0.24761962890625,0.7344818115234375
60.201,0.889801025390625,-0.264190673828125,0.7813720703125
60.219,0.919158935546875,-0.27276611328125,0.84222412109375
60.238,0.9176025390625,-0.2833709716796875,0.8289947509765625
60.259,0.913055419921875,-0.296600341796875,0.8370819091796875
60.281,0.92041015625,-0.29217529296875,0.851104736328125
60.297,0.9023284912109375,-0.3051605224609375,0.8802642822265625
60.317,0.8841094970703125,-0.308746337890625,0.8952484130859375
60.336,0.8995819091796875,-0.325347900390625,0.918060302734375
60.361,0.9010772705078125,-0.34625244140625,0.9382171630859375
60.375,0.87664794921875,-0.3194580078125,0.9151458740234375
60.395,0.85906982421875,-0.332275390625,0.9049530029296875
60.416,0.8700103759765625,-0.3365020751953125,0.9026641845703125
60.441,0.857208251953125,-0.303497314453125,0.8831939697265625
60.454,0.85443115234375,-0.2691192626953125,0.8686370849609375
60.473,0.8505096435546875,-0.2735748291015625,0.862396240234375
60.493,0.83526611328125,-0.2641448974609375,0.844879150390625
60.520,0.8242034912109375,-0.2535400390625,0.8242950439453125
60.532,0.826416015625,-0.2546539306640625,0.79248046875
60.552,0.81976318359375,-0.24658203125,0.7802886962890625
60.571,0.8071746826171875,-0.2346038818359375,0.7767333984375
60.600,0.8061370849609375,-0.2256622314453125,0.7576751708984375
60.614,0.820648193359375,-0.21270751953125,0.719879150390625
60.630,0.8397674560546875,-0.194580078125,0.688507080078125
60.649,0.848724365234375,-0.1977691650390625,0.698028564453125
60.680,0.8388671875,-0.21258544921875,0.6898193359375
60.689,0.8435516357421875,-0.19036865234375,0.6519012451171875
60.708,0.8667449951171875,-0.1475982666015625,0.6053314208984375
60.728,0.8670196533203125,-0.1287384033203125,0.6144866943359375
60.761,0.8288726806640625,-0.1239776611328125,0.62408447265625
60.767,0.8035125732421875,-0.14361572265625,0.5760650634765625
60.786,0.8149261474609375,-0.146270751953125,0.5229949951171875
60.807,0.8226776123046875,-0.155792236328125,0.5027313232421875
60.826,0.8237457275390625,-0.1591033935546875,0.4902496337890625
60.846,0.829925537109375,-0.1471099853515625,0.4807586669921875
60.865,0.817901611328125,-0.12457275390625,0.4883575439453125
60.885,0.76531982421875,-0.104217529296875,0.497802734375
60.905,0.7583770751953125,-0.0762786865234375,0.474090576171875
60.925,0.77911376953125,-0.05999755859375,0.4391021728515625
60.943,0.7920074462890625,-0.058319091796875,0.4297027587890625
60.963,0.7735443115234375,-0.071502685546875,0.4376068115234375
60.983,0.75958251953125,-0.0866546630859375,0.4397430419921875
61.003,0.7515106201171875,-0.0960845947265625,0.4333343505859375
61.022,0.7433319091796875,-0.1040496826171875,0.4209442138671875
61.043,0.724029541015625,-0.095794677734375,0.4133148193359375
61.062,0.7064208984375,-0.0841064453125,0.4112396240234375
61.082,0.6815948486328125,-0.081756591796875,0.40814208984375
61.101,0.67578125,-0.083770751953125,0.4106597900390625
61.120,0.686767578125,-0.0756988525390625,0.4141998291015625
61.139,0.711669921875,-0.0490264892578125,0.417938232421875
61.161,0.7235260009765625,-0.043609619140625,0.42926025390625
61.179,0.741119384765625,-0.0429534912109375,0.4087371826171875
61.199,0.7635650634765625,-0.0489959716796875,0.3948211669921875
61.218,0.8070220947265625,-0.063018798828125,0.386077880859375
61.240,0.838226318359375,-0.0589447021484375,0.38818359375
61.258,0.8712158203125,-0.067474365234375,0.36785888671875
61.277,0.89178466796875,-0.085235595703125,0.3551483154296875
61.297,0.8850555419921875,-0.086578369140625,0.3681182861328125
61.321,0.8642425537109375,-0.1010284423828125,0.3522186279296875
61.336,0.8609619140625,-0.1039886474609375,0.349822998046875
61.355,0.8544464111328125,-0.0983123779296875,0.397216796875
61.375,0.857086181640625,-0.0948638916015625,0.400665283203125
61.401,0.89947509765625,-0.087249755859375,0.4116973876953125
61.414,0.9202728271484375,-0.0829620361328125,0.448089599609375
61.434,0.905914306640625,-0.0903778076171875,0.438568115234375
61.453,0.8886260986328125,-0.0982513427734375,0.4417724609375
61.482,0.8871612548828125,-0.097686767578125,0.46453857421875
61.492,0.8930511474609375,-0.1015777587890625,0.4710540771484375
61.512,0.8756256103515625,-0.1161956787109375,0.4850921630859375
61.531,0.8481292724609375,-0.10052490234375,0.479461669921875
61.561,0.810882568359375,-0.0758209228515625,0.471649169921875
61.574,0.7963409423828125,-0.076080322265625,0.4712371826171875
61.591,0.778839111328125,-0.080322265625,0.47259521484375
61.610,0.73870849609375,-0.1003265380859375,0.4705963134765625
61.641,0.692535400390625,-0.1085968017578125,0.447418212890625
61.649,0.672393798828125,-0.1107330322265625,0.4236907958984375
61.668,0.6875762939453125,-0.0860137939453125,0.43035888671875
61.688,0.6602935791015625,-0.0759429931640625,0.4539031982421875
61.721,0.6033935546875,-0.092437744140625,0.4419097900390625
61.729,0.6055755615234375,-0.0970611572265625,0.399322509765625
61.748,0.6467132568359375,-0.1340484619140625,0.4285125732421875
61.768,0.6542510986328125,-0.143890380859375,0.42486572265625
61.788,0.62353515625,-0.1455535888671875,0.358734130859375
61.806,0.62554931640625,-0.05859375,0.343658447265625
61.827,0.69427490234375,-0.0702972412109375,0.4305572509765625
61.845,0.789031982421875,-0.1240081787109375,0.4810791015625
61.865,0.7890167236328125,-0.12744140625,0.438873291015625
61.885,0.71478271484375,-0.1100921630859375,0.396881103515625
61.904,0.7681732177734375,-0.102447509765625,0.4449005126953125
61.924,0.8834686279296875,-0.176483154296875,0.4846343994140625
61.943,0.907012939453125,-0.1419219970703125,0.451171875
61.963,0.8621368408203125,-0.0847930908203125,0.4442138671875
61.983,0.869598388671875,-0.100433349609375,0.5694732666015625
62.002,0.9657440185546875,-0.10595703125,0.668609619140625
62.023,1.065399169921875,-0.13037109375,0.6993865966796875
62.043,0.975250244140625,-0.15411376953125,0.6235809326171875
62.062,0.920989990234375,-0.231536865234375,0.64013671875
62.083,1.009811401367188,-0.2605743408203125,0.7086334228515625
62.102,1.014556884765625,-0.272552490234375,0.73187255859375
62.123,0.95318603515625,-0.238311767578125,0.732086181640625
62.143,0.9618377685546875,-0.2507171630859375,0.7705230712890625
62.161,1.026351928710938,-0.240203857421875,0.8260040283203125
62.180,1.003326416015625,-0.2509918212890625,0.8757476806640625
62.201,0.9741363525390625,-0.23577880859375,0.8549346923828125
62.219,0.98687744140625,-0.240631103515625,0.858612060546875
62.239,0.9985809326171875,-0.2794647216796875,0.8845977783203125
62.259,1.002670288085938,-0.274383544921875,0.8848419189453125
62.282,0.9920654296875,-0.2503509521484375,0.8774871826171875
62.299,0.99127197265625,-0.2603302001953125,0.8997039794921875
62.317,0.9698944091796875,-0.2650604248046875,0.917144775390625
62.338,0.9513397216796875,-0.2592926025390625,0.8987884521484375
62.361,0.9339447021484375,-0.2469329833984375,0.838714599609375
62.376,0.9047393798828125,-0.2398223876953125,0.8079833984375
62.396,0.8959808349609375,-0.23284912109375,0.7894439697265625
62.415,0.90557861328125,-0.22515869140625,0.764251708984375
62.442,0.905731201171875,-0.19805908203125,0.71759033203125
62.455,0.9001617431640625,-0.15869140625,0.6733856201171875
62.474,0.8903350830078125,-0.1539154052734375,0.6632080078125
62.494,0.868621826171875,-0.1649017333984375,0.6477203369140625
62.521,0.869049072265625,-0.162994384765625,0.6119384765625
62.533,0.863922119140625,-0.1536102294921875,0.5874176025390625
62.552,0.829315185546875,-0.143646240234375,0.5826873779296875
62.573,0.809295654296875,-0.1381988525390625,0.56005859375
62.601,0.8204498291015625,-0.1437225341796875,0.51953125
62.611,0.8085174560546875,-0.1363525390625,0.4853057861328125
62.631,0.7779388427734375,-0.1286773681640625,0.48785400390625
62.652,0.7531890869140625,-0.112457275390625,0.4968414306640625
62.681,0.7590179443359375,-0.1037445068359375,0.47552490234375
62.690,0.7501983642578125,-0.0932159423828125,0.4609527587890625
62.709,0.7206878662109375,-0.0882720947265625,0.44781494140625
62.730,0.691192626953125,-0.0790557861328125,0.4335784912109375
62.761,0.673858642578125,-0.077484130859375,0.4305877685546875
62.768,0.6558990478515625,-0.07574462890625,0.442169189453125
62.789,0.6492919921875,-0.0724029541015625,0.44024658203125
62.807,0.6521759033203125,-0.0708770751953125,0.4537811279296875
62.842,0.66619873046875,-0.076416015625,0.45916748046875
62.849,0.6790313720703125,-0.0785980224609375,0.479095458984375
62.866,0.6739501953125,-0.071685791015625,0.4714813232421875
62.886,0.6615753173828125,-0.0554351806640625,0.4725189208984375
62.906,0.6579437255859375,-0.0679779052734375,0.4624176025390625
62.925,0.685089111328125,-0.070831298828125,0.444305419921875
62.944,0.73016357421875,-0.090667724609375,0.4666290283203125
62.964,0.77996826171875,-0.10498046875,0.478240966796875
62.984,0.836212158203125,-0.1119842529296875,0.467071533203125
63.003,0.8652191162109375,-0.0989532470703125,0.471099853515625
63.024,0.8740386962890625,-0.0643768310546875,0.4630279541015625
63.043,0.87030029296875,-0.0389404296875,0.4632110595703125
63.062,0.8691253662109375,-0.0330657958984375,0.455078125
63.082,0.877044677734375,-0.0303497314453125,0.43634033203125
63.103,0.8805999755859375,-0.0341339111328125,0.4319915771484375
63.120,0.8756866455078125,-0.0591278076171875,0.4339447021484375
63.140,0.8674163818359375,-0.088287353515625,0.431488037109375
63.164,0.86016845703125,-0.092681884765625,0.4327239990234375
63.180,0.8591156005859375,-0.0743560791015625,0.422119140625
63.199,0.859466552734375,-0.078948974609375,0.4220428466796875
63.220,0.8529052734375,-0.102386474609375,0.42913818359375
63.242,0.8449554443359375,-0.1372833251953125,0.4414520263671875
63.258,0.8065032958984375,-0.1498565673828125,0.450164794921875
63.278,0.7772216796875,-0.1171722412109375,0.4386749267578125
63.298,0.760009765625,-0.084930419921875,0.4477081298828125
63.321,0.676055908203125,-0.0749053955078125,0.4656829833984375
63.336,0.5860595703125,-0.0452728271484375,0.4275054931640625
63.357,0.5549468994140625,-0.052337646484375,0.373779296875
63.375,0.5544891357421875,-0.128448486328125,0.340118408203125
63.401,0.5731658935546875,-0.1463470458984375,0.3155059814453125
63.417,0.579254150390625,-0.1677703857421875,0.330596923828125
63.434,0.67401123046875,-0.1070404052734375,0.3177337646484375
63.454,0.7322845458984375,-0.071685791015625,0.416290283203125
63.482,0.738983154296875,-0.0271759033203125,0.4671783447265625
63.495,0.6789398193359375,-0.0055084228515625,0.367340087890625
63.513,0.5807952880859375,0.0200042724609375,0.3348541259765625
63.533,0.626861572265625,0.0488433837890625,0.34918212890625
63.561,0.7901763916015625,-0.0556793212890625,0.3937530517578125
63.571,0.8750152587890625,-0.12945556640625,0.42724609375
63.590,0.8290557861328125,-0.17242431640625,0.4675140380859375
63.612,0.9334564208984375,-0.231353759765625,0.46533203125
63.641,1.113296508789062,-0.26312255859375,0.5206146240234375
63.650,1.144546508789062,-0.2653045654296875,0.56756591796875
63.669,0.9571075439453125,-0.2396697998046875,0.5487518310546875
63.689,0.9110870361328125,-0.27044677734375,0.571746826171875
63.722,1.02166748046875,-0.291656494140625,0.6838836669921875
63.729,1.108840942382812,-0.2047882080078125,0.7776336669921875
63.749,1.097396850585938,-0.2061614990234375,0.7663726806640625
63.767,1.048904418945312,-0.2917633056640625,0.757049560546875
63.802,1.034942626953125,-0.3755035400390625,0.8151397705078125
63.807,1.05670166015625,-0.393402099609375,0.87786865234375
63.826,1.010879516601562,-0.365814208984375,0.834564208984375
63.846,1.020782470703125,-0.29302978515625,0.8026885986328125
63.865,1.033981323242188,-0.25537109375,0.8418121337890625
63.885,1.049957275390625,-0.23980712890625,0.8690338134765625
63.904,1.044540405273438,-0.2429351806640625,0.8383636474609375
63.924,1.024749755859375,-0.2629547119140625,0.817474365234375
63.944,1.014801025390625,-0.2999420166015625,0.8273468017578125
63.963,1.008560180664062,-0.3229827880859375,0.8063201904296875
63.983,0.9972076416015625,-0.2998809814453125,0.7739715576171875
64.004,0.97930908203125,-0.2626953125,0.7508544921875
64.022,0.9693450927734375,-0.2288055419921875,0.726104736328125
64.045,0.9598236083984375,-0.215423583984375,0.707489013671875
64.062,0.96514892578125,-0.2106475830078125,0.673980712890625
64.081,0.94512939453125,-0.214141845703125,0.63641357421875
64.100,0.9176483154296875,-0.2073974609375,0.5961151123046875
64.121,0.8937835693359375,-0.1966094970703125,0.57208251953125
64.140,0.881561279296875,-0.1742095947265625,0.5311431884765625
64.160,0.8813629150390625,-0.15460205078125,0.51336669921875
64.179,0.85528564453125,-0.1387176513671875,0.50152587890625
64.201,0.8297119140625,-0.126617431640625,0.4842681884765625
64.219,0.807373046875,-0.120330810546875,0.4598846435546875
64.239,0.79754638671875,-0.1326446533203125,0.441162109375
64.258,0.80194091796875,-0.1454925537109375,0.4198760986328125
64.280,0.7904052734375,-0.1403961181640625,0.408538818359375
64.296,0.764984130859375,-0.1155548095703125,0.4156036376953125
64.317,0.7386627197265625,-0.0868377685546875,0.407012939453125
64.335,0.712371826171875,-0.074737548828125,0.3865203857421875
64.363,0.70135498046875,-0.0667266845703125,0.3602142333984375
64.375,0.6992340087890625,-0.0685882568359375,0.3847808837890625
64.394,0.670135498046875,-0.0843048095703125,0.386932373046875
64.414,0.62249755859375,-0.09912109375,0.4003143310546875
64.442,0.5870819091796875,-0.0989990234375,0.3816680908203125
64.455,0.607269287109375,-0.104217529296875,0.3868255615234375
64.472,0.6269378662109375,-0.105499267578125,0.4183349609375
64.492,0.658905029296875,-0.1216278076171875,0.425994873046875
64.523,0.727081298828125,-0.1226654052734375,0.433013916015625
64.531,0.7837371826171875,-0.1247100830078125,0.4546356201171875
64.552,0.8467254638671875,-0.124114990234375,0.47027587890625
64.572,0.85003662109375,-0.1245880126953125,0.465087890625
64.602,0.8497467041015625,-0.12579345703125,0.4617767333984375
64.611,0.84234619140625,-0.1298828125,0.4418487548828125
64.631,0.838836669921875,-0.1197052001953125,0.4249725341796875
64.650,0.8484649658203125,-0.10162353515625,0.4248046875
64.682,0.8602142333984375,-0.1098785400390625,0.43798828125
64.689,0.8648681640625,-0.1392669677734375,0.4346771240234375
64.710,0.8901824951171875,-0.1236419677734375,0.426544189453125
64.727,0.9088287353515625,-0.0952606201171875,0.451019287109375
64.748,0.8854217529296875,-0.0743560791015625,0.4373321533203125
64.767,0.893463134765625,-0.0707550048828125,0.4067230224609375
64.786,0.927154541015625,-0.081573486328125,0.395904541015625
64.806,0.925537109375,-0.0667724609375,0.402313232421875
64.827,0.8753662109375,-0.070831298828125,0.403656005859375
64.845,0.8658599853515625,-0.0714569091796875,0.3920440673828125
64.865,0.8797607421875,-0.0594635009765625,0.409423828125
64.885,0.88507080078125,-0.0588531494140625,0.42010498046875
64.904,0.856475830078125,-0.091094970703125,0.4296417236328125
64.923,0.8210906982421875,-0.1079254150390625,0.4200286865234375
64.944,0.779083251953125,-0.116119384765625,0.40679931640625
64.964,0.7538604736328125,-0.1158599853515625,0.4043731689453125
64.982,0.7067718505859375,-0.11395263671875,0.4130859375
65.002,0.6646270751953125,-0.1072540283203125,0.394378662109375
65.022,0.6544036865234375,-0.069061279296875,0.36944580078125
65.041,0.6513214111328125,-0.0352935791015625,0.372802734375
65.061,0.6428985595703125,-0.081817626953125,0.3391571044921875
65.081,0.651824951171875,-0.080657958984375,0.31597900390625
65.100,0.6330718994140625,-0.0477142333984375,0.3311767578125
65.119,0.62451171875,-0.02899169921875,0.3582611083984375
65.139,0.624664306640625,-0.0366058349609375,0.352630615234375
65.161,0.668212890625,-0.0211181640625,0.3629150390625
65.178,0.7763824462890625,0.003326416015625,0.334320068359375
65.198,0.786407470703125,-0.0289764404296875,0.377410888671875
65.217,0.7472381591796875,-0.128570556640625,0.4323577880859375
65.241,0.8183135986328125,-0.258514404296875,0.435089111328125
65.257,0.9967193603515625,-0.213470458984375,0.435150146484375
65.276,1.079696655273438,-0.1817626953125,0.509857177734375
65.295,1.0230712890625,-0.2064971923828125,0.55108642578125
65.321,0.9439697265625,-0.214263916015625,0.5031280517578125
65.336,0.8816070556640625,-0.2056121826171875,0.507415771484375
65.355,0.909637451171875,-0.1664581298828125,0.5224609375
65.374,0.9635009765625,-0.16900634765625,0.6159515380859375
65.402,0.994964599609375,-0.2047271728515625,0.6534271240234375
65.416,0.9878387451171875,-0.2531585693359375,0.6332550048828125
65.432,0.98468017578125,-0.2734527587890625,0.6371002197265625
65.452,0.93463134765625,-0.286834716796875,0.6714935302734375
65.480,0.9144287109375,-0.284698486328125,0.6897430419921875
65.492,0.930572509765625,-0.3079681396484375,0.7174072265625
65.511,0.9248046875,-0.245330810546875,0.7389678955078125
65.531,0.897857666015625,-0.2083740234375,0.7683258056640625
65.560,0.9088897705078125,-0.26666259765625,0.765655517578125
65.570,0.922698974609375,-0.3313751220703125,0.7777862548828125
65.589,0.9171905517578125,-0.30755615234375,0.7777099609375
65.610,0.87347412109375,-0.2970123291015625,0.7664794921875
65.641,0.8724517822265625,-0.302764892578125,0.745025634765625
65.650,0.87286376953125,-0.3037109375,0.768585205078125
65.668,0.87115478515625,-0.3024749755859375,0.823486328125
65.688,0.8772430419921875,-0.3056488037109375,0.8274993896484375
65.722,0.8791046142578125,-0.312408447265625,0.8041534423828125
65.727,0.8679046630859375,-0.325408935546875,0.7930145263671875
65.746,0.848846435546875,-0.33636474609375,0.7913360595703125
65.766,0.8419342041015625,-0.320556640625,0.79193115234375
65.785,0.8569183349609375,-0.2850799560546875,0.787841796875
65.805,0.838714599609375,-0.2842559814453125,0.7834625244140625
65.824,0.8198699951171875,-0.29150390625,0.7855224609375
65.844,0.8307342529296875,-0.3091583251953125,0.7728118896484375
65.865,0.835235595703125,-0.3109283447265625,0.751434326171875
65.884,0.8180694580078125,-0.3050384521484375,0.721435546875
65.903,0.81292724609375,-0.284393310546875,0.6860809326171875
65.923,0.816741943359375,-0.27374267578125,0.6826019287109375
65.942,0.8223724365234375,-0.2582244873046875,0.6882171630859375
65.962,0.819427490234375,-0.23455810546875,0.668914794921875
65.982,0.82952880859375,-0.22515869140625,0.620269775390625
66.001,0.827911376953125,-0.2276763916015625,0.5908660888671875
66.020,0.81378173828125,-0.228790283203125,0.5767059326171875
66.044,0.8028411865234375,-0.232696533203125,0.573883056640625
66.060,0.8016510009765625,-0.2318572998046875,0.5743560791015625
66.079,0.791473388671875,-0.2187042236328125,0.5524139404296875
66.099,0.7806243896484375,-0.19610595703125,0.5189056396484375
66.122,0.7748565673828125,-0.1890106201171875,0.504608154296875
66.138,0.7733306884765625,-0.190948486328125,0.4868011474609375
66.158,0.7648468017578125,-0.17462158203125,0.4822845458984375
66.178,0.755828857421875,-0.1590118408203125,0.463348388671875
66.202,0.7378692626953125,-0.1533660888671875,0.4612579345703125
66.217,0.7324066162109375,-0.15179443359375,0.449310302734375
66.236,0.7346038818359375,-0.1481475830078125,0.4272613525390625
66.257,0.7176971435546875,-0.124603271484375,0.4172515869140625
66.282,0.694427490234375,-0.1082916259765625,0.43109130859375
66.295,0.6746978759765625,-0.11468505859375,0.4224395751953125
66.316,0.6705169677734375,-0.118011474609375,0.4302825927734375
66.334,0.649810791015625,-0.1303253173828125,0.4427947998046875
66.361,0.649932861328125,-0.1369476318359375,0.4347381591796875
66.376,0.6672515869140625,-0.135467529296875,0.448150634765625
66.394,0.6890106201171875,-0.1329803466796875,0.467376708984375
66.414,0.7120513916015625,-0.1412811279296875,0.4849700927734375
66.442,0.755645751953125,-0.150115966796875,0.5078887939453125
66.453,0.820953369140625,-0.1546630859375,0.496673583984375
66.476,0.83831787109375,-0.13677978515625,0.498016357421875
66.494,0.838775634765625,-0.1148223876953125,0.51019287109375
66.521,0.8140869140625,-0.084075927734375,0.495697021484375
66.531,0.80914306640625,-0.0718231201171875,0.4907073974609375
66.551,0.8221282958984375,-0.05859375,0.486846923828125
66.572,0.82958984375,-0.0576629638671875,0.4820709228515625
66.601,0.829620361328125,-0.066314697265625,0.4711761474609375
66.612,0.845428466796875,-0.057708740234375,0.4793548583984375
66.631,0.8517608642578125,-0.04913330078125,0.4782562255859375
66.648,0.8423004150390625,-0.040618896484375,0.4715423583984375
66.682,0.8402862548828125,-0.0574493408203125,0.4716949462890625
66.691,0.877410888671875,-0.0697784423828125,0.4658660888671875
66.708,0.9245758056640625,-0.1100006103515625,0.468719482421875
66.728,0.9220733642578125,-0.1273193359375,0.468414306640625
66.762,0.85394287109375,-0.1030731201171875,0.469940185546875
66.767,0.789764404296875,-0.0792236328125,0.4668121337890625
66.787,0.75335693359375,-0.063201904296875,0.45928955078125
66.806,0.7615966796875,-0.0897674560546875,0.4784393310546875
66.825,0.78106689453125,-0.1225433349609375,0.462188720703125
66.845,0.754638671875,-0.09930419921875,0.4244537353515625
66.865,0.717010498046875,-0.040924072265625,0.4188232421875
66.885,0.7122039794921875,0.001922607421875,0.4334869384765625
66.904,0.6828460693359375,0.0393524169921875,0.443939208984375
66.924,0.62847900390625,0.0411529541015625,0.41265869140625
66.945,0.609283447265625,-0.0124969482421875,0.3905181884765625
66.962,0.6432037353515625,-0.0707855224609375,0.3704833984375
66.983,0.6380767822265625,-0.0866546630859375,0.3709564208984375
67.004,0.5628814697265625,-0.0886993408203125,0.39501953125
67.022,0.6009063720703125,-0.0845184326171875,0.3680877685546875
67.041,0.748291015625,-0.06207275390625,0.4236297607421875
67.062,0.8269195556640625,-0.156890869140625,0.49078369140625
67.083,0.79510498046875,-0.146392822265625,0.4896087646484375
67.093,0.785888671875,-0.1391448974609375,0.46795654296875
67.112,0.842010498046875,-0.139892578125,0.4442901611328125
67.133,0.8752593994140625,-0.077545166015625,0.46368408203125
67.159,0.8151092529296875,-0.0969696044921875,0.490264892578125
67.172,0.803375244140625,-0.0887451171875,0.48974609375
67.191,0.836151123046875,-0.0817108154296875,0.4738311767578125
67.210,0.8956298828125,-0.1251678466796875,0.46588134765625
67.239,0.929290771484375,-0.0787200927734375,0.5146484375
67.250,0.901947021484375,-0.0626220703125,0.6019439697265625
67.270,0.9058837890625,-0.094573974609375,0.6223297119140625
67.290,0.971923828125,-0.0831298828125,0.6420440673828125
67.319,0.9543914794921875,-0.1224822998046875,0.7012939453125
67.328,0.9539794921875,-0.1974639892578125,0.696807861328125
67.348,0.9364013671875,-0.2168731689453125,0.69342041015625
67.367,0.933502197265625,-0.20513916015625,0.712188720703125
67.387,0.9625701904296875,-0.1898651123046875,0.73236083984375
67.406,0.9711151123046875,-0.1375579833984375,0.7713165283203125
67.426,0.95794677734375,-0.1283721923828125,0.7808380126953125
67.445,0.981231689453125,-0.1479034423828125,0.784271240234375
67.465,0.9977264404296875,-0.146514892578125,0.803375244140625
67.487,0.9746856689453125,-0.1949310302734375,0.8255615234375
67.504,0.99456787109375,-0.20843505859375,0.8248443603515625
67.524,0.996917724609375,-0.1692047119140625,0.8143310546875
67.544,0.9949493408203125,-0.1937103271484375,0.8074951171875
67.564,0.99847412109375,-0.200958251953125,0.8073883056640625
67.582,0.9945220947265625,-0.166107177734375,0.8004150390625
67.603,0.977020263671875,-0.1673126220703125,0.799713134765625
67.623,0.969329833984375,-0.1989898681640625,0.792572021484375
67.642,0.9711456298828125,-0.202606201171875,0.7771759033203125
67.662,0.9630126953125,-0.1863250732421875,0.7530670166015625
67.682,0.957305908203125,-0.159942626953125,0.7235107421875
67.701,0.947601318359375,-0.1552734375,0.70294189453125
67.721,0.941162109375,-0.1733856201171875,0.6764678955078125
67.741,0.94781494140625,-0.1645355224609375,0.66314697265625
67.759,0.944976806640625,-0.1379852294921875,0.63311767578125
67.779,0.9261016845703125,-0.132171630859375,0.61407470703125
67.799,0.9048309326171875,-0.1415557861328125,0.5939178466796875
67.818,0.90399169921875,-0.14910888671875,0.5670623779296875
67.838,0.898193359375,-0.1423492431640625,0.55322265625
67.857,0.876708984375,-0.12847900390625,0.540802001953125
67.880,0.8755035400390625,-0.1223907470703125,0.5175018310546875
67.894,0.8588104248046875,-0.1200103759765625,0.5173492431640625
67.916,0.84844970703125,-0.1125335693359375,0.499786376953125
67.937,0.8485260009765625,-0.09637451171875,0.4797821044921875
67.960,0.8072967529296875,-0.0892486572265625,0.4818267822265625
67.975,0.7762298583984375,-0.0918426513671875,0.4560546875
67.996,0.742279052734375,-0.0935211181640625,0.4398040771484375
68.013,0.7390899658203125,-0.0942535400390625,0.4292144775390625
68.042,0.73492431640625,-0.0936431884765625,0.4343414306640625
68.054,0.735565185546875,-0.1072998046875,0.4345550537109375
68.072,0.7359771728515625,-0.10809326171875,0.4161376953125
68.092,0.726165771484375,-0.09381103515625,0.4240875244140625
68.120,0.7506256103515625,-0.0857086181640625,0.4189605712890625
68.132,0.7969818115234375,-0.0898590087890625,0.4164581298828125
68.150,0.7979278564453125,-0.09320068359375,0.418121337890625
68.171,0.7868499755859375,-0.0731353759765625,0.394073486328125
68.200,0.744842529296875,-0.0573883056640625,0.390045166015625
68.210,0.7135467529296875,-0.0425872802734375,0.3652191162109375
68.229,0.6894073486328125,-0.038543701171875,0.354248046875
68.249,0.6652069091796875,-0.0584869384765625,0.3645782470703125
68.280,0.6522064208984375,-0.060333251953125,0.3798828125
68.288,0.67962646484375,-0.060943603515625,0.396942138671875
68.308,0.7471771240234375,-0.08087158203125,0.4371490478515625
68.327,0.82196044921875,-0.10809326171875,0.4651031494140625
68.349,0.8729400634765625,-0.1317291259765625,0.4725189208984375
68.367,0.905517578125,-0.1433868408203125,0.482421875
68.387,0.9047393798828125,-0.1366119384765625,0.4736175537109375
68.406,0.878387451171875,-0.1060638427734375,0.41680908203125
68.425,0.8608856201171875,-0.088226318359375,0.42852783203125
68.447,0.84716796875,-0.091766357421875,0.4566497802734375
68.464,0.8320465087890625,-0.094146728515625,0.456817626953125
68.483,0.8292236328125,-0.0964202880859375,0.437652587890625
68.503,0.861663818359375,-0.1192474365234375,0.431182861328125
68.523,0.869384765625,-0.0959625244140625,0.451507568359375
68.543,0.8954315185546875,-0.0595550537109375,0.459808349609375
68.562,0.900665283203125,-0.041351318359375,0.4650421142578125
68.583,0.854278564453125,-0.0401611328125,0.4525604248046875
68.602,0.7977447509765625,-0.0602264404296875,0.4209747314453125
68.622,0.7393341064453125,-0.0793914794921875,0.4011383056640625
68.642,0.685577392578125,-0.1221466064453125,0.3820343017578125
68.661,0.6765594482421875,-0.117218017578125,0.3417205810546875
68.681,0.6675567626953125,-0.0795745849609375,0.342315673828125
68.701,0.6346282958984375,-0.0264434814453125,0.362152099609375
68.719,0.6101226806640625,-0.0194244384765625,0.3665008544921875
68.739,0.592742919921875,-0.0173187255859375,0.386566162109375
68.760,0.5686492919921875,-0.030242919921875,0.359466552734375
68.777,0.5539093017578125,-0.11553955078125,0.29534912109375
68.798,0.5478973388671875,-0.1373138427734375,0.28741455078125
68.817,0.5613861083984375,-0.123931884765625,0.37799072265625
68.841,0.6136932373046875,-0.2189483642578125,0.4286651611328125
68.856,0.6408538818359375,-0.114532470703125,0.407684326171875
68.876,0.7201385498046875,-0.0049285888671875,0.3708648681640625
68.896,0.79742431640625,0.0288848876953125,0.3800506591796875
68.920,0.830078125,-0.0236053466796875,0.5294189453125
68.935,0.948883056640625,-0.2728424072265625,0.5601654052734375
68.954,1.015625,-0.2371673583984375,0.4108734130859375
68.974,0.8554840087890625,-0.0849761962890625,0.349456787109375
68.999,0.85955810546875,-0.099578857421875,0.4195709228515625
69.013,0.9709930419921875,-0.2008056640625,0.62152099609375
69.033,1.085952758789062,-0.3160247802734375,0.66864013671875
69.053,1.129974365234375,-0.287811279296875,0.6321258544921875
69.080,1.1180419921875,-0.247100830078125,0.7360687255859375
69.092,1.17864990234375,-0.2064361572265625,0.8203887939453125
69.111,1.2034912109375,-0.1750640869140625,0.889068603515625
69.130,1.19073486328125,-0.2993621826171875,0.8700408935546875
69.159,1.188720703125,-0.3125457763671875,0.888336181640625
69.170,1.216354370117188,-0.250213623046875,0.9422454833984375
69.189,1.25543212890625,-0.2697906494140625,0.8979034423828125
69.210,1.233123779296875,-0.3029327392578125,0.850799560546875
69.239,1.211044311523438,-0.2675323486328125,0.8615570068359375
69.249,1.1842041015625,-0.2292938232421875,0.8363189697265625
69.267,1.156143188476562,-0.178436279296875,0.822296142578125
69.289,1.14825439453125,-0.1858367919921875,0.7920074462890625
69.321,1.125595092773438,-0.20947265625,0.77459716796875
69.326,1.120559692382812,-0.2274169921875,0.736602783203125
69.348,1.119552612304688,-0.235687255859375,0.68670654296875
69.365,1.111160278320312,-0.2355499267578125,0.660308837890625
69.385,1.0777587890625,-0.2362060546875,0.60015869140625
69.405,1.030624389648438,-0.2375946044921875,0.5594940185546875
69.424,1.001373291015625,-0.2147674560546875,0.510467529296875
69.444,0.9818878173828125,-0.17352294921875,0.450714111328125
69.465,0.9507293701171875,-0.147003173828125,0.408660888671875
69.484,0.9002227783203125,-0.130767822265625,0.3627777099609375
69.503,0.8436431884765625,-0.119110107421875,0.3305816650390625
69.523,0.766387939453125,-0.102996826171875,0.318389892578125
69.543,0.6778106689453125,-0.0920867919921875,0.305389404296875
69.562,0.5906982421875,-0.063873291015625,0.2714996337890625
69.582,0.5122222900390625,-0.0308074951171875,0.2793121337890625
69.602,0.4764862060546875,0.011871337890625,0.308868408203125
69.621,0.4849700927734375,0.0120849609375,0.3134307861328125
69.640,0.5076751708984375,-0.010650634765625,0.3283538818359375
69.659,0.52227783203125,-0.054290771484375,0.3419189453125
69.679,0.5084228515625,-0.14471435546875,0.3767852783203125
69.699,0.4891815185546875,-0.2090301513671875,0.3795928955078125
69.720,0.5501861572265625,-0.3037567138671875,0.356536865234375
69.738,0.68817138671875,-0.4710845947265625,0.354736328125
69.758,0.840911865234375,-0.656890869140625,0.392852783203125
69.775,0.912933349609375,-0.476837158203125,0.5680389404296875
69.799,1.027023315429688,-0.1586456298828125,0.512451171875
69.816,1.099578857421875,0.173736572265625,0.33697509765625
69.836,0.96514892578125,0.3757171630859375,0.3767852783203125
69.857,0.8718109130859375,0.35186767578125,0.3226776123046875
69.879,0.88629150390625,0.2076263427734375,0.176605224609375
69.895,0.964599609375,-0.0211639404296875,0.1131439208984375
69.914,1.040481567382812,-0.278900146484375,0.0986175537109375
69.934,1.093994140625,-0.4242706298828125,0.130828857421875
69.959,1.136444091796875,-0.411163330078125,0.186767578125
69.973,1.109619140625,-0.2921295166015625,0.1893157958984375
69.993,1.093429565429688,-0.1956329345703125,0.191925048828125
70.012,1.056289672851562,-0.11224365234375,0.1746368408203125
70.042,0.927001953125,-0.0276031494140625,0.11090087890625
70.052,0.8333282470703125,-0.026611328125,0.0529327392578125
70.070,0.8328399658203125,-0.1013946533203125,0.047210693359375
70.091,0.8776397705078125,-0.2017059326171875,0.0849456787109375
70.121,0.907623291015625,-0.2723846435546875,0.076080322265625
70.130,0.9356842041015625,-0.2696075439453125,0.062225341796875
70.149,0.9474029541015625,-0.23175048828125,0.0867156982421875
70.169,0.9405670166015625,-0.1784210205078125,0.1005859375
70.199,0.93994140625,-0.1387176513671875,0.0661163330078125
70.208,0.9351043701171875,-0.1201019287109375,0.0602874755859375
70.227,0.9905548095703125,-0.1726226806640625,0.025604248046875
70.248,0.9198150634765625,-0.2203826904296875,0.0384063720703125
70.268,0.9009552001953125,-0.2286224365234375,0.0267791748046875
70.287,0.93597412109375,-0.2066497802734375,0.054901123046875
70.308,0.99102783203125,-0.1555023193359375,0.07470703125
70.325,1.02825927734375,-0.0881500244140625,0.1092987060546875
70.346,0.9857025146484375,-0.0359649658203125,0.144744873046875
70.366,0.97406005859375,-0.03546142578125,0.104736328125
70.384,0.9829559326171875,-0.02838134765625,0.1116485595703125
70.402,1.012680053710938,0.0162353515625,0.0278167724609375
70.424,1.143875122070312,0.0562286376953125,0.0156402587890625
70.444,1.096450805664062,0.0668792724609375,0.0065460205078125
70.463,1.027923583984375,0.0137939453125,-0.04156494140625
70.483,0.79193115234375,-0.009613037109375,-0.1244659423828125
70.503,0.7624053955078125,0.0043487548828125,-0.1748046875
70.522,0.93853759765625,0.0566253662109375,-0.10186767578125
70.542,1.10565185546875,0.109893798828125,-0.0107879638671875
70.561,1.137222290039062,0.1295623779296875,0.00421142578125
70.581,1.0582275390625,0.0952301025390625,-0.04150390625
70.601,0.9827880859375,0.0498046875,-0.071746826171875
70.619,0.952667236328125,-0.004058837890625,-0.0743408203125
70.639,0.9549560546875,-0.0184173583984375,-0.073272705078125
70.659,0.9840087890625,-0.0123748779296875,-0.061065673828125
70.681,0.98370361328125,0.007781982421875,-0.03692626953125
70.698,0.9883880615234375,0.02569580078125,-0.03094482421875
70.719,1.030532836914062,0.039703369140625,-0.0291900634765625
70.737,1.039642333984375,0.0369415283203125,-0.0345458984375
70.760,1.034942626953125,0.033905029296875,-0.0282745361328125
70.776,1.022430419921875,0.002105712890625,-0.043548583984375
70.796,0.9829559326171875,0.010955810546875,-0.01922607421875
70.817,0.9957275390625,0.0196075439453125,-0.0089874267578125
70.840,0.9999542236328125,0.0493927001953125,-0.0151824951171875
70.855,0.9847259521484375,0.0531158447265625,-0.0191497802734375
70.874,0.9914703369140625,0.04248046875,-0.0111846923828125
70.894,1.003646850585938,0.0174560546875,-0.00518798828125
70.920,1.004867553710938,-0.0099945068359375,-0.0042572021484375
70.936,0.9969635009765625,-0.015625,-0.0118408203125
70.954,0.9939727783203125,-0.018524169921875,-0.020172119140625
70.974,1.001602172851562,-0.018707275390625,0.003448486328125
71.000,1.0072021484375,-0.012542724609375,0.0198974609375
71.013,0.9621429443359375,-0.00177001953125,0.0011138916015625
71.031,0.9727935791015625,-0.006622314453125,-0.0044708251953125
71.052,1.014877319335938,-0.0084075927734375,0.007659912109375
71.080,1.017257690429688,0.0056610107421875,0.0044708251953125
71.092,0.999298095703125,0.0175628662109375,0.004241943359375
71.111,1.005477905273438,0.0216522216796875,0.007537841796875
71.131,1.003997802734375,0.0207061767578125,0.0121612548828125
71.160,0.998443603515625,0.0140533447265625,0.0145416259765625
71.171,0.992462158203125,0.01611328125,0.0115509033203125
71.190,0.993255615234375,0.0074615478515625,-0.0008697509765625
71.209,1.000473022460938,0.0099639892578125,0.0030364990234375
71.240,0.9990386962890625,0.0089874267578125,0.013885498046875
71.249,1.001235961914062,0.0133209228515625,0.0191192626953125
71.269,0.99957275390625,0.01336669921875,0.019683837890625
71.288,1.001785278320312,0.0177764892578125,0.024658203125
71.320,1.020858764648438,0.019775390625,0.0318450927734375
71.330,0.992279052734375,0.0258331298828125,0.0233154296875
71.347,1.003555297851562,0.0208740234375,0.019989013671875
71.366,1.007522583007812,0.023529052734375,0.027069091796875
71.387,0.9952239990234375,0.02398681640625,0.03631591796875