10.848,0.9817352294921875,0.0315093994140625,-0.2197418212890625
10.850,0.960205078125,0.0389862060546875,-0.2112579345703125
10.860,0.962982177734375,0.0394134521484375,-0.2117767333984375
10.891,0.9675445556640625,0.05303955078125,-0.2194366455078125
10.901,0.9720458984375,0.0491943359375,-0.2222137451171875
10.919,0.9888458251953125,0.060821533203125,-0.2300872802734375
10.939,0.986236572265625,0.054840087890625,-0.2187957763671875
10.959,0.9735107421875,0.053070068359375,-0.205718994140625
10.978,0.9683380126953125,0.0369110107421875,-0.2041778564453125
10.998,0.9661865234375,0.0293731689453125,-0.214080810546875
11.017,0.96905517578125,0.0356903076171875,-0.2206573486328125
11.036,0.9751434326171875,0.028594970703125,-0.2219696044921875
11.057,0.98040771484375,0.028228759765625,-0.2163543701171875
11.076,0.9769439697265625,0.044921875,-0.213043212890625
11.096,0.9719085693359375,0.0467376708984375,-0.211334228515625
11.115,0.97308349609375,0.041046142578125,-0.219757080078125
11.136,0.9807586669921875,0.05645751953125,-0.213287353515625
11.156,0.976837158203125,0.0477142333984375,-0.209808349609375
11.174,0.969024658203125,0.05816650390625,-0.2071075439453125
11.194,0.9759063720703125,0.059173583984375,-0.203948974609375
11.213,0.9807891845703125,0.0625457763671875,-0.2078857421875
11.232,0.9888153076171875,0.0566558837890625,-0.20452880859375
11.253,0.9794769287109375,0.0726470947265625,-0.1967315673828125
11.272,0.9626312255859375,0.0712890625,-0.19415283203125
11.291,0.9588775634765625,0.061920166015625,-0.1881256103515625
11.313,0.964447021484375,0.054595947265625,-0.18988037109375
11.331,0.96978759765625,0.05975341796875,-0.1985931396484375
11.351,0.980133056640625,0.060882568359375,-0.1976776123046875
11.371,0.982879638671875,0.06396484375,-0.2003631591796875
11.391,0.9814453125,0.059173583984375,-0.2021331787109375
11.410,0.9787139892578125,0.0612640380859375,-0.1967010498046875
11.429,0.9722747802734375,0.0648956298828125,-0.1954498291015625
11.452,0.9788055419921875,0.0687713623046875,-0.1888885498046875
11.468,0.9842529296875,0.0622711181640625,-0.1889495849609375
11.488,0.9757232666015625,0.08966064453125,-0.1902618408203125
11.508,0.9812469482421875,0.0738677978515625,-0.190399169921875
11.532,0.9821929931640625,0.08819580078125,-0.1835174560546875
11.546,0.9831390380859375,0.0955047607421875,-0.181640625
11.567,0.976104736328125,0.1080169677734375,-0.189971923828125
11.586,0.9846954345703125,0.113189697265625,-0.1895294189453125
11.610,0.994873046875,0.1218414306640625,-0.1695556640625
11.625,0.9832763671875,0.118896484375,-0.1549072265625
11.645,0.974090576171875,0.123046875,-0.1420745849609375
11.667,0.9578704833984375,0.13958740234375,-0.138214111328125
11.691,0.9630889892578125,0.13525390625,-0.159088134765625
11.705,0.9807586669921875,0.1419677734375,-0.170440673828125
11.725,0.98065185546875,0.1476287841796875,-0.1748199462890625
11.743,0.984832763671875,0.1231842041015625,-0.1626434326171875
11.771,0.9918365478515625,0.117431640625,-0.1549530029296875
11.784,0.99139404296875,0.1236114501953125,-0.1429595947265625
11.802,0.977691650390625,0.1220703125,-0.138336181640625
11.822,0.9759521484375,0.1199951171875,-0.1350555419921875
11.852,0.9844512939453125,0.1168060302734375,-0.1324310302734375
11.861,0.9918060302734375,0.118560791015625,-0.1270294189453125
11.881,0.985870361328125,0.116790771484375,-0.1179046630859375
11.901,0.9785919189453125,0.1227264404296875,-0.124114990234375
11.931,0.9822540283203125,0.1384735107421875,-0.10833740234375
11.942,0.9903411865234375,0.1280517578125,-0.119781494140625
11.961,0.9765472412109375,0.1273345947265625,-0.13641357421875
11.981,0.9753875732421875,0.1251220703125,-0.135986328125
12.011,0.980987548828125,0.120513916015625,-0.1276397705078125
12.022,0.986785888671875,0.114501953125,-0.1278533935546875
12.040,0.9901885986328125,0.0999298095703125,-0.118316650390625
12.059,1.0123291015625,0.0654754638671875,-0.1172027587890625
12.079,0.99713134765625,0.06573486328125,-0.15802001953125
12.098,0.988922119140625,0.0557403564453125,-0.1478271484375
12.117,0.9840850830078125,0.06500244140625,-0.1304779052734375
12.137,0.98590087890625,0.063385009765625,-0.128204345703125
12.156,0.989715576171875,0.03076171875,-0.142608642578125
12.176,0.991851806640625,0.0108184814453125,-0.1630401611328125
12.196,0.965728759765625,0.0295562744140625,-0.1500396728515625
12.216,0.9820098876953125,0.0381317138671875,-0.165985107421875
12.236,0.9803619384765625,0.06402587890625,-0.1909332275390625
12.255,0.97845458984375,0.0403594970703125,-0.2067108154296875
12.275,0.994171142578125,0.0305023193359375,-0.1971282958984375
12.295,0.991119384765625,0.092010498046875,-0.1905059814453125
12.314,0.9876251220703125,0.07257080078125,-0.177520751953125
12.333,0.985748291015625,0.0547027587890625,-0.1795806884765625
12.353,0.9789886474609375,0.0335540771484375,-0.1765594482421875
12.371,0.97467041015625,0.034820556640625,-0.1771697998046875
12.393,0.9826202392578125,0.0236358642578125,-0.176300048828125
12.412,0.9967041015625,0.01605224609375,-0.15435791015625
12.432,0.98931884765625,-0.0019073486328125,-0.1648101806640625
12.451,0.9824981689453125,-0.009429931640625,-0.1838226318359375
12.470,0.9948577880859375,-0.0032806396484375,-0.1884307861328125
12.492,1.008026123046875,9.155273437500000E-05,-0.1556396484375
12.510,0.9987945556640625,-0.0094757080078125,-0.1638336181640625
12.530,0.983184814453125,-0.0182952880859375,-0.208282470703125
12.552,0.984130859375,0.0018463134765625,-0.2192230224609375
12.572,0.9823760986328125,0.0152130126953125,-0.2089080810546875
12.589,0.9888916015625,0.0223388671875,-0.189483642578125
12.610,0.99053955078125,0.0509185791015625,-0.183990478515625
12.629,0.97235107421875,0.0736236572265625,-0.1907196044921875
12.652,0.9829254150390625,0.078155517578125,-0.1750946044921875
12.668,0.9865264892578125,0.05902099609375,-0.15478515625
12.687,0.9824066162109375,0.048675537109375,-0.14617919921875
12.706,0.982818603515625,0.0167999267578125,-0.147735595703125
12.732,0.985260009765625,0.0055084228515625,-0.146209716796875
12.747,0.9725494384765625,0.0294036865234375,-0.1592254638671875
12.765,0.951446533203125,0.083404541015625,-0.1841888427734375
12.785,0.97332763671875,0.0377197265625,-0.1591644287109375
12.812,0.9971923828125,0.0069580078125,-0.1444091796875
12.824,1.009490966796875,-0.00531005859375,-0.1451263427734375
12.844,0.999114990234375,0.0311431884765625,-0.1587677001953125
12.865,0.9757080078125,0.068023681640625,-0.1621856689453125
12.891,0.972564697265625,0.057373046875,-0.1297607421875
12.902,0.995574951171875,0.01824951171875,-0.1322479248046875
12.923,1.026077270507812,-0.0170745849609375,-0.14166259765625
12.942,1.021560668945312,-0.01702880859375,-0.14837646484375
12.971,0.94793701171875,0.0835418701171875,-0.1145172119140625
12.981,0.936248779296875,0.071380615234375,-0.149505615234375
13.002,0.9888153076171875,0.0349884033203125,-0.1518707275390625
13.020,1.021377563476562,0.0238494873046875,-0.1430511474609375
13.040,1.004928588867188,0.0203704833984375,-0.164337158203125
13.060,0.9632110595703125,0.056304931640625,-0.153656005859375
13.079,0.9455108642578125,0.0850067138671875,-0.108489990234375
13.099,0.979461669921875,0.080169677734375,-0.10595703125
13.119,1.009658813476562,0.0370635986328125,-0.1143035888671875
13.137,1.0103759765625,0.0238189697265625,-0.1182708740234375
13.157,0.97747802734375,0.063690185546875,-0.133544921875
13.177,0.971710205078125,0.102935791015625,-0.126251220703125
13.197,0.98834228515625,0.1128997802734375,-0.11962890625
13.216,1.004150390625,0.1040191650390625,-0.1063385009765625
13.236,0.9979248046875,0.075469970703125,-0.1244964599609375
13.257,0.9806671142578125,0.07940673828125,-0.1483154296875
13.275,0.969482421875,0.11505126953125,-0.146575927734375
13.295,0.9827728271484375,0.1102294921875,-0.143524169921875
13.315,1.00830078125,0.101776123046875,-0.1138763427734375
13.334,1.003555297851562,0.0835723876953125,-0.126922607421875
13.353,0.987335205078125,0.0668792724609375,-0.1506195068359375
13.375,0.981842041015625,0.0631561279296875,-0.1742706298828125
13.393,0.96710205078125,0.1027069091796875,-0.1839447021484375
13.412,0.953399658203125,0.1447601318359375,-0.1557769775390625
13.434,0.971649169921875,0.1139984130859375,-0.1552581787109375
13.453,0.9776763916015625,0.0792999267578125,-0.179962158203125
13.471,0.9857177734375,0.105194091796875,-0.1749114990234375
13.492,0.985870361328125,0.1166839599609375,-0.1731109619140625
13.512,0.9851531982421875,0.099761962890625,-0.1700592041015625
13.533,1.008758544921875,0.1075286865234375,-0.14617919921875
13.550,0.9892425537109375,0.116455078125,-0.15252685546875
13.569,0.95941162109375,0.1063995361328125,-0.1751708984375
13.589,0.9712677001953125,0.0849609375,-0.187042236328125
13.612,0.97210693359375,0.0728759765625,-0.1912078857421875
13.629,0.9773101806640625,0.0889434814453125,-0.169403076171875
13.648,0.9890594482421875,0.1004486083984375,-0.1486358642578125
13.668,0.99652099609375,0.0915069580078125,-0.137420654296875
13.693,0.9916534423828125,0.0813751220703125,-0.1344451904296875
13.707,0.9748992919921875,0.05828857421875,-0.1451568603515625
13.727,0.9753570556640625,0.0542449951171875,-0.1656341552734375
13.746,0.9906005859375,0.0586700439453125,-0.157257080078125
13.772,1.002059936523438,0.068267822265625,-0.1610870361328125
13.785,0.9995269775390625,0.066070556640625,-0.1559600830078125
13.806,1.0032958984375,0.066986083984375,-0.1548309326171875
13.827,0.9911651611328125,0.0720367431640625,-0.1607208251953125
13.852,0.982757568359375,0.0855865478515625,-0.16253662109375
13.864,0.9916839599609375,0.095733642578125,-0.1497039794921875
13.883,0.9850616455078125,0.0897979736328125,-0.155242919921875
13.903,0.976654052734375,0.098388671875,-0.1461029052734375
13.932,0.988006591796875,0.0995635986328125,-0.1446380615234375
13.943,0.9865264892578125,0.09832763671875,-0.154022216796875
13.962,0.9845428466796875,0.092437744140625,-0.1462554931640625
13.981,0.9869384765625,0.1001129150390625,-0.1456146240234375
14.012,0.9819793701171875,0.119476318359375,-0.1511688232421875
14.022,0.98089599609375,0.111358642578125,-0.1468353271484375
14.040,0.9790191650390625,0.095367431640625,-0.1446990966796875
14.060,0.9824676513671875,0.0811309814453125,-0.14239501953125
14.091,0.9880523681640625,0.0895233154296875,-0.1291656494140625
14.099,0.9848175048828125,0.10638427734375,-0.124969482421875
14.118,0.9881591796875,0.104400634765625,-0.1256103515625
14.138,0.993988037109375,0.093414306640625,-0.124664306640625
14.159,0.9843597412109375,0.08648681640625,-0.1201171875
14.178,0.978424072265625,0.08428955078125,-0.1171112060546875
14.197,0.9826507568359375,0.0895843505859375,-0.1152801513671875
14.217,0.986846923828125,0.0963897705078125,-0.113739013671875
14.237,0.991546630859375,0.0963287353515625,-0.1201934814453125
14.256,0.9978790283203125,0.1007232666015625,-0.1071319580078125
14.277,0.980133056640625,0.0821380615234375,-0.0988311767578125
14.295,0.978240966796875,0.060394287109375,-0.083709716796875
14.315,0.986541748046875,0.0556182861328125,-0.0825653076171875
14.335,0.984405517578125,0.0653839111328125,-0.0993804931640625
14.354,0.9820556640625,0.06842041015625,-0.106170654296875
14.374,0.9971771240234375,0.05255126953125,-0.097076416015625
14.393,1.017745971679688,0.0265350341796875,-0.1096038818359375
14.413,1.014419555664062,0.0289459228515625,-0.1154632568359375
14.433,0.9939422607421875,0.0132293701171875,-0.12945556640625
14.452,0.9922943115234375,0.0107574462890625,-0.114105224609375
14.473,1.003738403320312,0.000701904296875,-0.085968017578125
14.492,0.9768524169921875,-0.01544189453125,-0.116607666015625
14.512,0.972137451171875,-0.02581787109375,-0.127899169921875
14.533,0.989715576171875,-0.0149078369140625,-0.1241912841796875
14.551,0.985626220703125,-0.017333984375,-0.1598052978515625
14.572,1.000274658203125,-0.0157470703125,-0.172637939453125
14.590,0.9997711181640625,-0.0022125244140625,-0.146514892578125
14.609,0.98333740234375,-0.0111541748046875,-0.14691162109375
14.629,1.004318237304688,-0.01580810546875,-0.165008544921875
14.652,1.013046264648438,-0.02294921875,-0.181671142578125
14.668,0.9899139404296875,-0.0464935302734375,-0.1619873046875
14.688,0.976318359375,-0.050933837890625,-0.1602020263671875
14.707,0.973846435546875,-0.02496337890625,-0.1805419921875
14.732,0.9669189453125,-0.018524169921875,-0.1756744384765625
14.747,0.9805145263671875,-0.0258941650390625,-0.158721923828125
14.767,0.9952850341796875,-0.0185546875,-0.163116455078125
14.787,0.9853515625,0.01263427734375,-0.1677398681640625
14.812,0.9770660400390625,0.007171630859375,-0.18896484375
14.825,0.995574951171875,-0.0113372802734375,-0.18341064453125
14.845,1.003875732421875,-0.0149688720703125,-0.1715850830078125
14.864,0.9905853271484375,-0.0144805908203125,-0.1669769287109375
14.892,0.984222412109375,-0.0117645263671875,-0.1789093017578125
14.903,0.9841766357421875,-0.0139617919921875,-0.1968994140625
14.923,0.9857177734375,-0.0160064697265625,-0.182464599609375
14.943,0.9888763427734375,-0.012939453125,-0.1562347412109375
14.971,0.9862060546875,-0.0013580322265625,-0.151611328125
14.983,0.9808502197265625,0.0034942626953125,-0.1501617431640625
15.002,0.9862518310546875,0.0209503173828125,-0.141571044921875
15.021,0.984405517578125,0.017059326171875,-0.16094970703125
15.052,0.9813995361328125,0.0157623291015625,-0.171234130859375
15.060,0.9886474609375,0.007720947265625,-0.157012939453125
15.080,0.99407958984375,-0.0044097900390625,-0.15093994140625
15.100,0.993560791015625,-0.017333984375,-0.155975341796875
15.120,0.982666015625,-0.013824462890625,-0.153411865234375
15.139,0.9642181396484375,-0.0001373291015625,-0.1639404296875
15.159,0.974334716796875,-0.0108489990234375,-0.1536102294921875
15.179,1.0029296875,-0.0159454345703125,-0.13226318359375
15.199,1.008438110351562,-0.0302581787109375,-0.1377410888671875
15.218,0.9868621826171875,-0.0220184326171875,-0.1378173828125
15.238,0.967987060546875,0.012054443359375,-0.11102294921875
15.256,0.9854278564453125,0.0323333740234375,-0.094512939453125
15.277,0.997161865234375,0.0194549560546875,-0.0840911865234375
15.297,0.9934844970703125,0.0078887939453125,-0.097412109375
15.315,0.983551025390625,0.00079345703125,-0.12371826171875
15.335,0.9765167236328125,0.0005645751953125,-0.142578125
15.355,0.9919891357421875,0.0130767822265625,-0.122589111328125
15.375,1.009201049804688,0.0272064208984375,-0.081634521484375
15.394,1.006362915039062,0.0239715576171875,-0.076751708984375
15.414,0.9789581298828125,0.007843017578125,-0.104522705078125
15.433,0.9793853759765625,-0.000274658203125,-0.111968994140625
15.453,1.001083374023438,0.008331298828125,-0.080780029296875
15.472,0.9920501708984375,0.0304412841796875,-0.0669708251953125
15.493,0.9841461181640625,0.0602874755859375,-0.059722900390625
15.513,0.9937744140625,0.0705413818359375,-0.0971221923828125
15.533,0.9964752197265625,0.0511322021484375,-0.129730224609375
15.553,0.9945831298828125,0.045806884765625,-0.1109619140625
15.570,0.9963531494140625,0.0494384765625,-0.08245849609375
15.590,0.98614501953125,0.0797576904296875,-0.0998382568359375
15.612,0.99212646484375,0.0951385498046875,-0.1084747314453125
15.629,1.000564575195312,0.080322265625,-0.1186065673828125
15.649,1.004257202148438,0.072540283203125,-0.1255950927734375
15.669,0.9925994873046875,0.0724945068359375,-0.1070404052734375
15.693,0.9887237548828125,0.0858001708984375,-0.111236572265625
15.708,0.9973907470703125,0.0946197509765625,-0.1218109130859375
15.728,0.997161865234375,0.0863800048828125,-0.12628173828125
15.747,0.9916839599609375,0.072052001953125,-0.1311187744140625
15.773,0.9884033203125,0.0534210205078125,-0.1298370361328125
15.786,0.9834747314453125,0.0543060302734375,-0.1354217529296875
15.807,0.987579345703125,0.03662109375,-0.11944580078125
15.826,0.9855499267578125,0.0305938720703125,-0.116241455078125
15.853,0.99945068359375,0.0354766845703125,-0.119903564453125
15.865,1.012344360351562,0.045928955078125,-0.118072509765625
15.885,0.9975128173828125,0.0489654541015625,-0.1291351318359375
15.904,0.9928741455078125,0.0353546142578125,-0.1297760009765625
15.931,0.997833251953125,0.0286102294921875,-0.11724853515625
15.943,0.9954833984375,0.0216522216796875,-0.1069793701171875
15.963,0.98394775390625,0.0132293701171875,-0.1169281005859375
15.983,0.9872283935546875,0.02069091796875,-0.120880126953125
16.011,0.9963836669921875,0.0247039794921875,-0.1185150146484375
16.021,0.9944915771484375,0.0279083251953125,-0.116790771484375
16.042,0.98822021484375,0.039703369140625,-0.1222381591796875
16.064,0.99273681640625,0.0367584228515625,-0.11358642578125
16.092,0.9929656982421875,0.0360870361328125,-0.1041259765625
16.100,0.9873046875,0.0388946533203125,-0.1030120849609375
16.120,0.9871978759765625,0.0420379638671875,-0.1114349365234375
16.139,0.9969024658203125,0.048126220703125,-0.10540771484375
16.159,0.990203857421875,0.05938720703125,-0.10650634765625
16.179,0.9958038330078125,0.062835693359375,-0.0987701416015625
16.199,0.99224853515625,0.063323974609375,-0.10400390625
16.218,0.9912261962890625,0.0602569580078125,-0.11456298828125
16.237,0.9949493408203125,0.062408447265625,-0.1259918212890625
16.257,1.001693725585938,0.0717315673828125,-0.10791015625
16.276,0.9900360107421875,0.0749969482421875,-0.0942840576171875
16.296,0.985076904296875,0.070831298828125,-0.0912322998046875
16.320,1.000869750976562,0.0750274658203125,-0.099578857421875
16.335,0.9967193603515625,0.0740203857421875,-0.094482421875
16.355,0.98455810546875,0.0783233642578125,-0.0853118896484375
16.375,0.98895263671875,0.07464599609375,-0.0854339599609375
16.395,0.9925384521484375,0.0693206787109375,-0.0869903564453125
16.416,0.9965972900390625,0.074737548828125,-0.0873565673828125
16.434,0.9954376220703125,0.076904296875,-0.0830078125
16.454,0.992401123046875,0.0754852294921875,-0.0786895751953125
16.474,0.996307373046875,0.077972412109375,-0.0813446044921875
16.492,1.000289916992188,0.064239501953125,-0.07403564453125
16.514,0.9910125732421875,0.054473876953125,-0.077392578125
16.532,0.9996185302734375,0.05853271484375,-0.0801544189453125
16.553,0.9941558837890625,0.06488037109375,-0.0854949951171875
16.572,0.9917755126953125,0.070465087890625,-0.074951171875
16.591,0.9916229248046875,0.060699462890625,-0.073699951171875
16.610,0.99249267578125,0.0589599609375,-0.0797576904296875
16.630,0.999053955078125,0.0617523193359375,-0.0885009765625
16.652,1.001800537109375,0.070648193359375,-0.08697509765625
16.669,0.9998016357421875,0.072845458984375,-0.0930023193359375
16.689,0.9976654052734375,0.0702667236328125,-0.0872650146484375
16.708,0.991546630859375,0.05474853515625,-0.075439453125
16.732,0.982177734375,0.0518798828125,-0.076141357421875
16.748,0.9922943115234375,0.058074951171875,-0.0872039794921875
16.769,0.999908447265625,0.0644378662109375,-0.0733489990234375
16.787,0.9928741455078125,0.075897216796875,-0.071380615234375
16.812,0.9966888427734375,0.066375732421875,-0.077362060546875
16.828,0.998931884765625,0.0405426025390625,-0.0913543701171875
16.845,0.9962158203125,0.0161895751953125,-0.09124755859375
16.865,1.00457763671875,0.0302886962890625,-0.0966949462890625
16.892,0.991607666015625,0.0279083251953125,-0.1158905029296875
16.905,0.9736175537109375,0.0240325927734375,-0.098114013671875
16.925,0.992431640625,0.013641357421875,-0.0902557373046875
16.945,1.003265380859375,0.0023956298828125,-0.1098785400390625
16.972,1.002777099609375,-0.0071868896484375,-0.1580352783203125
16.983,1.009475708007812,-0.01055908203125,-0.172210693359375
17.003,1.016403198242188,0.00469970703125,-0.130218505859375
17.025,0.9903106689453125,0.0063018798828125,-0.09112548828125
17.052,0.978363037109375,0.0076751708984375,-0.1340789794921875
17.062,0.96356201171875,0.010467529296875,-0.1874237060546875
17.082,0.960845947265625,0.0059356689453125,-0.189666748046875
17.101,0.9867706298828125,0.016204833984375,-0.1601409912109375
17.133,1.001617431640625,0.0134735107421875,-0.137664794921875
17.140,1.000701904296875,-0.008758544921875,-0.14459228515625
17.159,0.986968994140625,-0.0066680908203125,-0.169769287109375
17.179,0.9967041015625,-0.0143890380859375,-0.1743316650390625
17.199,0.989044189453125,-0.0024261474609375,-0.1641693115234375
17.219,0.9813995361328125,-0.0011138916015625,-0.1399078369140625
17.238,0.970001220703125,-0.0047454833984375,-0.15521240234375
17.259,0.9839935302734375,-0.0026397705078125,-0.1393280029296875
17.294,0.99591064453125,-0.0034637451171875,-0.14337158203125
17.296,0.9983367919921875,0.0024871826171875,-0.138885498046875
17.316,0.9927215576171875,0.0224151611328125,-0.135528564453125
17.338,0.9839935302734375,0.0256805419921875,-0.1432342529296875
17.355,0.98797607421875,0.0252685546875,-0.1514129638671875
17.375,0.9821319580078125,0.0201873779296875,-0.1510009765625
17.394,0.992340087890625,0.015716552734375,-0.1155548095703125
17.415,0.98748779296875,0.026885986328125,-0.103515625
17.435,0.981414794921875,0.018585205078125,-0.1136474609375
17.453,0.998565673828125,0.0024566650390625,-0.1495208740234375
17.474,1.005355834960938,0.003692626953125,-0.15887451171875
17.493,0.9867095947265625,0.0238037109375,-0.149993896484375
17.514,0.9909820556640625,0.01129150390625,-0.11895751953125
17.534,1.000961303710938,-0.0192108154296875,-0.1102752685546875
17.552,0.9861907958984375,-0.0228424072265625,-0.1127471923828125
17.573,0.9922027587890625,-0.013580322265625,-0.1104888916015625
17.592,0.9904632568359375,0.0306549072265625,-0.1356658935546875
17.612,0.9810333251953125,0.0520782470703125,-0.1328582763671875
17.630,0.9886932373046875,0.0320892333984375,-0.14385986328125
17.650,1.008834838867188,-0.00091552734375,-0.1491851806640625
17.669,1.0015869140625,-0.013824462890625,-0.142333984375
17.692,0.980377197265625,0.0118560791015625,-0.1282958984375
17.713,0.9754180908203125,0.0631103515625,-0.1099700927734375
17.729,0.9763031005859375,0.03460693359375,-0.116455078125
17.748,0.9870758056640625,-0.0009307861328125,-0.1213836669921875
17.776,0.9958038330078125,-0.0018768310546875,-0.1238861083984375
17.789,1.001876831054688,-0.00128173828125,-0.1212005615234375
17.807,0.9950714111328125,0.0031280517578125,-0.1086578369140625
17.827,0.9872894287109375,0.004547119140625,-0.101806640625
17.854,0.9761810302734375,0.0400238037109375,-0.1045684814453125
17.866,0.97216796875,0.0239410400390625,-0.1185455322265625
17.885,0.9950408935546875,0.0035858154296875,-0.111907958984375
17.905,1.002304077148438,-0.0059661865234375,-0.11065673828125
17.932,0.9927215576171875,4.5776367187500000E-05,-0.1208343505859375
17.944,0.9888458251953125,0.0254058837890625,-0.1267547607421875
17.964,0.988433837890625,0.06170654296875,-0.11456298828125
17.986,0.9997100830078125,0.0605316162109375,-0.10919189453125
18.013,1.006622314453125,0.0509185791015625,-0.1095123291015625
18.023,0.9902191162109375,0.038330078125,-0.12286376953125
18.044,0.9780120849609375,0.0509490966796875,-0.125732421875
18.064,0.981201171875,0.08380126953125,-0.115753173828125
18.096,0.9990997314453125,0.0876007080078125,-0.1043853759765625
18.102,1.00494384765625,0.068084716796875,-0.113037109375
18.121,0.9793701171875,0.061553955078125,-0.1390838623046875
18.141,0.97796630859375,0.060791015625,-0.134735107421875
18.174,0.994140625,0.066009521484375,-0.121002197265625
18.181,0.9916839599609375,0.0762481689453125,-0.12567138671875
18.199,0.9803619384765625,0.071441650390625,-0.1491241455078125
18.219,0.984375,0.0730438232421875,-0.15228271484375
18.254,0.9834747314453125,0.064483642578125,-0.1381988525390625
18.258,0.9735870361328125,0.060302734375,-0.1462554931640625
18.278,0.9731903076171875,0.0724334716796875,-0.1330718994140625
18.299,0.9790496826171875,0.066986083984375,-0.1400909423828125
18.317,0.983428955078125,0.06671142578125,-0.1713714599609375
18.336,1.00732421875,0.070465087890625,-0.16033935546875
18.358,0.9968719482421875,0.075897216796875,-0.1493072509765625
18.376,0.97412109375,0.068603515625,-0.1370086669921875
18.396,0.9842681884765625,0.0655670166015625,-0.1473846435546875
18.415,0.9859771728515625,0.0645751953125,-0.15582275390625
18.435,0.985992431640625,0.063568115234375,-0.1444549560546875
18.455,0.9882049560546875,0.0483856201171875,-0.1469573974609375
18.475,0.9837799072265625,0.0466766357421875,-0.160980224609375
18.495,0.986541748046875,0.0693817138671875,-0.16729736328125
18.514,0.993865966796875,0.080291748046875,-0.1612396240234375
18.534,0.9797515869140625,0.0651702880859375,-0.1690673828125
18.555,0.98687744140625,0.0400238037109375,-0.151397705078125
18.572,0.9904022216796875,0.0254974365234375,-0.1388092041015625
18.592,0.9822998046875,0.0361175537109375,-0.1446075439453125
18.612,0.98779296875,0.0380859375,-0.15399169921875
18.631,0.9896392822265625,0.04071044921875,-0.1632843017578125
18.654,0.9951019287109375,0.034454345703125,-0.1600494384765625
18.670,0.9900665283203125,0.0266265869140625,-0.154083251953125
18.690,0.9824676513671875,0.022796630859375,-0.1456756591796875
18.710,0.9851837158203125,0.02777099609375,-0.1406097412109375
18.733,0.9837188720703125,0.036895751953125,-0.1489410400390625
18.749,0.988067626953125,0.039642333984375,-0.151824951171875
18.768,0.991424560546875,0.0401763916015625,-0.1446075439453125
18.788,0.989837646484375,0.040374755859375,-0.1367034912109375
18.813,0.990966796875,0.0402984619140625,-0.140838623046875
18.827,0.988433837890625,0.052764892578125,-0.1529998779296875
18.847,0.9891357421875,0.0697021484375,-0.1617279052734375
18.868,0.99755859375,0.0762786865234375,-0.1529541015625
18.893,0.9875946044921875,0.068939208984375,-0.12628173828125
18.906,0.976226806640625,0.04608154296875,-0.11810302734375
18.926,0.98162841796875,0.049224853515625,-0.133819580078125
18.947,0.9927520751953125,0.0482330322265625,-0.1239471435546875
18.972,0.99298095703125,0.0617523193359375,-0.11224365234375
18.984,0.9932098388671875,0.091339111328125,-0.11279296875
19.004,0.9944000244140625,0.1053009033203125,-0.1145477294921875
19.023,0.9908447265625,0.0992889404296875,-0.149749755859375
19.055,1.00787353515625,0.0966796875,-0.1478424072265625
19.064,1.005584716796875,0.09857177734375,-0.137451171875
19.082,0.9847259521484375,0.0898284912109375,-0.12567138671875
19.102,0.9823760986328125,0.0809173583984375,-0.134033203125
19.133,0.9878997802734375,0.072021484375,-0.1249542236328125
19.141,0.9844970703125,0.0580902099609375,-0.110107421875
19.161,0.98712158203125,0.0554656982421875,-0.100799560546875
19.180,0.984649658203125,0.06231689453125,-0.0997467041015625
19.213,0.97894287109375,0.0786285400390625,-0.104583740234375
19.220,0.9789886474609375,0.07574462890625,-0.1033782958984375
19.239,0.9808807373046875,0.0681304931640625,-0.1089935302734375
19.260,0.9871826171875,0.0673065185546875,-0.101776123046875
19.280,0.989288330078125,0.0742034912109375,-0.1081695556640625
19.299,0.981964111328125,0.0841217041015625,-0.1121673583984375
19.319,0.990203857421875,0.0762939453125,-0.102691650390625
19.337,1.001968383789062,0.0546112060546875,-0.0953826904296875
19.357,0.9998931884765625,0.049346923828125,-0.101776123046875
19.377,0.9834747314453125,0.0459442138671875,-0.118255615234375
19.396,0.980072021484375,0.0310211181640625,-0.1156463623046875
19.415,0.9898681640625,0.0213623046875,-0.094696044921875
19.435,0.9893798828125,0.0177154541015625,-0.083343505859375
19.455,0.9870147705078125,0.017486572265625,-0.091400146484375
19.474,0.9874267578125,0.0116424560546875,-0.092926025390625
19.494,0.9897918701171875,0.01153564453125,-0.1067047119140625
19.515,0.996063232421875,0.0031280517578125,-0.126617431640625
19.535,1.00103759765625,0.009857177734375,-0.122650146484375
19.553,0.984832763671875,0.0002593994140625,-0.1321258544921875
19.575,1.00018310546875,-0.0140533447265625,-0.143798828125
19.592,1.01361083984375,-0.0156402587890625,-0.150238037109375
19.613,0.9978179931640625,-0.0047454833984375,-0.1739501953125
19.632,0.998291015625,0.0140533447265625,-0.184295654296875
19.651,0.990814208984375,0.007568359375,-0.1727142333984375
19.671,0.9794464111328125,-0.017608642578125,-0.142364501953125
19.693,0.9779205322265625,-0.0140380859375,-0.1091461181640625
19.710,0.9897613525390625,0.0226593017578125,-0.093292236328125
19.729,0.9808807373046875,0.052947998046875,-0.142303466796875
19.749,0.99969482421875,0.024139404296875,-0.1343841552734375
19.773,1.008514404296875,0.016632080078125,-0.1141510009765625
19.788,0.9954986572265625,0.0225982666015625,-0.115753173828125
19.808,0.9893798828125,0.0516510009765625,-0.1350250244140625
19.829,0.9846649169921875,0.032073974609375,-0.1439971923828125
19.853,0.985015869140625,0.0238189697265625,-0.1428070068359375
19.867,0.9923248291015625,0.0163726806640625,-0.12762451171875
19.888,0.9951324462890625,0.0463409423828125,-0.13616943359375
19.905,0.987548828125,0.06549072265625,-0.1517486572265625
19.937,0.9899139404296875,0.0524749755859375,-0.1205902099609375
19.946,0.9929046630859375,0.0162353515625,-0.1170501708984375
19.965,0.9918670654296875,-0.011474609375,-0.11712646484375
19.984,0.9944610595703125,-0.0034637451171875,-0.132049560546875
20.015,0.9795989990234375,0.014801025390625,-0.165557861328125
20.025,1.00592041015625,0.00982666015625,-0.146240234375
20.043,1.000808715820312,-0.0167694091796875,-0.1126708984375
20.063,1.008941650390625,-0.0404815673828125,-0.1000213623046875
20.095,0.9844512939453125,-0.0207672119140625,-0.16009521484375
20.102,0.9760589599609375,9.155273437500000E-05,-0.2340240478515625
20.123,1.013839721679688,0.013519287109375,-0.2211151123046875
20.142,0.98077392578125,0.032623291015625,-0.08941650390625
20.173,0.97125244140625,0.0145263671875,-0.0280914306640625
20.181,0.973846435546875,-0.0179443359375,-0.09649658203125
20.201,0.98150634765625,-0.019989013671875,-0.1496734619140625
20.220,1.001251220703125,0.0024871826171875,-0.142730712890625
20.253,0.997344970703125,0.034423828125,-0.10528564453125
20.259,0.997406005859375,0.042572021484375,-0.07318115234375
20.280,0.9996337890625,0.0303955078125,-0.09649658203125
20.298,0.9845428466796875,0.0200653076171875,-0.14703369140625
20.319,0.9883575439453125,0.0163116455078125,-0.16278076171875
20.338,0.9971160888671875,0.032379150390625,-0.1399993896484375
20.357,0.995086669921875,0.043548583984375,-0.116729736328125
20.376,0.9971160888671875,0.04547119140625,-0.102813720703125
20.396,0.9893951416015625,0.0226898193359375,-0.1113433837890625
20.416,0.9900054931640625,0.01715087890625,-0.1232147216796875
20.435,0.983184814453125,0.026275634765625,-0.120147705078125
20.455,0.9841461181640625,0.0359039306640625,-0.1283416748046875
20.476,1.001922607421875,0.0446014404296875,-0.122344970703125
20.494,1.005706787109375,0.0541839599609375,-0.114501953125
20.515,0.98272705078125,0.0606231689453125,-0.128692626953125
20.536,0.9770660400390625,0.0690460205078125,-0.1472015380859375
20.553,0.9937286376953125,0.0653533935546875,-0.1424560546875
20.573,0.98541259765625,0.057037353515625,-0.12713623046875
20.593,0.9853668212890625,0.07489013671875,-0.12554931640625
20.612,0.9821624755859375,0.0776214599609375,-0.1471710205078125
20.632,0.9785308837890625,0.05743408203125,-0.1522979736328125
20.652,0.98260498046875,0.0517425537109375,-0.1538543701171875
20.671,0.9789581298828125,0.04705810546875,-0.152587890625
20.690,0.9803466796875,0.0595855712890625,-0.1552276611328125
20.711,0.993133544921875,0.0627899169921875,-0.1533966064453125
20.733,0.984527587890625,0.0559234619140625,-0.1795196533203125
20.750,0.992706298828125,0.0486297607421875,-0.1731719970703125
20.769,0.9938507080078125,0.0395050048828125,-0.1670379638671875
20.790,0.982025146484375,0.0413665771484375,-0.168212890625
20.813,0.982879638671875,0.0432586669921875,-0.16619873046875
20.828,0.98541259765625,0.0393524169921875,-0.168548583984375
20.848,0.980804443359375,0.0562591552734375,-0.159332275390625
20.867,0.978759765625,0.078857421875,-0.16949462890625
20.893,0.9768218994140625,0.08984375,-0.1780548095703125
20.908,0.9824676513671875,0.0758819580078125,-0.1734771728515625
20.926,0.9794464111328125,0.0611572265625,-0.17999267578125
20.946,0.97430419921875,0.0654144287109375,-0.1761627197265625
20.975,0.9703216552734375,0.074737548828125,-0.165252685546875
20.986,0.9734954833984375,0.077880859375,-0.1685638427734375
21.005,0.974639892578125,0.0801544189453125,-0.1806793212890625
21.025,0.9760284423828125,0.09051513671875,-0.1748504638671875
21.054,0.9793701171875,0.0951385498046875,-0.1744384765625
21.064,0.9805755615234375,0.0809478759765625,-0.180145263671875
21.083,0.984619140625,0.0600433349609375,-0.1835174560546875
21.103,0.990997314453125,0.044342041015625,-0.1752166748046875
21.134,0.985595703125,0.040557861328125,-0.17352294921875
21.142,0.979339599609375,0.027313232421875,-0.1744842529296875
21.165,0.9844207763671875,0.02630615234375,-0.1754302978515625
21.181,0.980560302734375,0.03106689453125,-0.172393798828125
21.212,0.9835052490234375,0.0296478271484375,-0.1750030517578125
21.220,0.994903564453125,0.0254364013671875,-0.1758880615234375
21.240,0.985076904296875,0.0189666748046875,-0.165557861328125
21.260,0.97686767578125,0.0211944580078125,-0.1692047119140625
21.279,0.97705078125,0.02789306640625,-0.1838531494140625
21.300,0.9800262451171875,0.0313873291015625,-0.195281982421875
21.318,0.998779296875,0.0263214111328125,-0.1949005126953125
21.338,0.990478515625,0.046875,-0.1768798828125
21.360,0.9698944091796875,0.0634613037109375,-0.1700897216796875
21.377,0.9765472412109375,0.06756591796875,-0.164215087890625
21.396,0.991668701171875,0.070098876953125,-0.17236328125
21.416,0.9835662841796875,0.0683441162109375,-0.1686248779296875
21.436,0.98345947265625,0.0698699951171875,-0.147125244140625
21.456,0.9886322021484375,0.0697784423828125,-0.13995361328125
21.479,0.983612060546875,0.07012939453125,-0.1593170166015625
21.496,0.9769439697265625,0.0787811279296875,-0.157470703125
21.515,0.981536865234375,0.0774078369140625,-0.160400390625
21.534,0.98126220703125,0.08953857421875,-0.16436767578125
21.556,0.9941253662109375,0.0822906494140625,-0.13995361328125
21.574,0.9856414794921875,0.076202392578125,-0.1446533203125
21.593,0.9865570068359375,0.07513427734375,-0.1451568603515625
21.613,0.984344482421875,0.0751800537109375,-0.147674560546875
21.632,0.98504638671875,0.085357666015625,-0.143280029296875
21.651,0.9846343994140625,0.086669921875,-0.1361541748046875
21.672,0.98028564453125,0.0739288330078125,-0.1278839111328125
21.692,0.976593017578125,0.0600738525390625,-0.1274871826171875
21.711,0.9798583984375,0.0606231689453125,-0.1204376220703125
21.730,0.9842071533203125,0.067840576171875,-0.1230316162109375
21.752,0.9912567138671875,0.0739593505859375,-0.131439208984375
21.773,0.9967193603515625,0.073455810546875,-0.1286773681640625
21.790,0.9907989501953125,0.0679473876953125,-0.1185302734375
21.811,0.9888153076171875,0.0607452392578125,-0.1084442138671875
21.828,0.989959716796875,0.0574798583984375,-0.108642578125
21.852,0.993377685546875,0.05426025390625,-0.109466552734375
21.868,0.990875244140625,0.0608062744140625,-0.107879638671875
21.887,0.9897308349609375,0.0642547607421875,-0.10443115234375
21.907,0.9881744384765625,0.053558349609375,-0.113250732421875
21.931,0.99249267578125,0.0318145751953125,-0.11474609375
21.947,0.9947662353515625,0.031646728515625,-0.0821685791015625
21.966,0.9934234619140625,0.0395965576171875,-0.071044921875
21.985,0.99578857421875,0.050933837890625,-0.073974609375
22.013,0.983856201171875,0.034454345703125,-0.094329833984375
22.024,0.991302490234375,0.01220703125,-0.102203369140625
22.045,0.99932861328125,0.0177764892578125,-0.1006622314453125
22.064,0.9943695068359375,0.019622802734375,-0.1104736328125
22.094,1.006973266601562,-0.005401611328125,-0.134429931640625
22.103,1.015090942382812,-0.0064697265625,-0.130157470703125
22.123,0.9933013916015625,0.0069122314453125,-0.1381988525390625
22.142,0.9814910888671875,0.0075531005859375,-0.130218505859375
22.172,0.9922943115234375,0.004364013671875,-0.12542724609375
22.182,0.9994049072265625,-0.009429931640625,-0.131927490234375
22.201,0.997100830078125,-0.0154571533203125,-0.130126953125
22.222,0.9914398193359375,-0.0163726806640625,-0.1379852294921875
22.252,0.983154296875,-0.0127410888671875,-0.1537628173828125
22.261,0.98431396484375,-0.0030059814453125,-0.156585693359375
22.280,0.9886322021484375,-0.0099029541015625,-0.1431884765625
22.299,0.987823486328125,-0.0135650634765625,-0.139404296875
22.319,0.99456787109375,-0.0079193115234375,-0.1271820068359375
22.338,0.9814300537109375,-0.0131072998046875,-0.151123046875
22.358,0.9833831787109375,-0.0140228271484375,-0.17034912109375
22.377,0.9904022216796875,-0.0013275146484375,-0.1702423095703125
22.397,0.9947662353515625,0.024871826171875,-0.1392059326171875
22.416,0.994354248046875,0.0228729248046875,-0.1388702392578125
22.443,0.9789276123046875,0.0144195556640625,-0.155303955078125
22.457,0.9840087890625,0.0127105712890625,-0.169342041015625
22.475,0.98590087890625,0.01959228515625,-0.166961669921875
22.495,0.9892730712890625,0.033111572265625,-0.1522064208984375
22.517,0.9902191162109375,0.041534423828125,-0.1407012939453125
22.535,0.9824981689453125,0.04150390625,-0.1497802734375
22.555,0.9806365966796875,0.0406494140625,-0.165802001953125
22.576,0.984710693359375,0.048797607421875,-0.1653289794921875
22.593,0.984832763671875,0.0446014404296875,-0.159271240234375
22.613,0.985626220703125,0.0331268310546875,-0.1455535888671875
22.635,0.9787445068359375,0.027740478515625,-0.1419219970703125
22.652,0.989654541015625,0.023101806640625,-0.1605987548828125
22.672,0.98089599609375,0.033203125,-0.1915740966796875
22.693,0.9819488525390625,0.039459228515625,-0.1965484619140625
22.712,0.9835205078125,0.03118896484375,-0.160125732421875
22.736,0.992156982421875,3.051757812500000E-05,-0.1178741455078125
22.750,0.98382568359375,-0.0112762451171875,-0.1444244384765625
22.772,0.9947509765625,-0.0128173828125,-0.1805572509765625
22.789,0.9866943359375,0.0139312744140625,-0.2126007080078125
22.811,0.9808502197265625,0.0247344970703125,-0.219573974609375
22.830,0.9974822998046875,0.0095672607421875,-0.1756744384765625
22.849,1.005462646484375,0.00628662109375,-0.1246185302734375
22.868,0.9714508056640625,0.009796142578125,-0.1473236083984375
22.893,0.9738616943359375,0.0179290771484375,-0.16497802734375
22.907,0.9833526611328125,0.04388427734375,-0.186981201171875
22.927,0.9821014404296875,0.0436553955078125,-0.1709747314453125
22.947,0.9863739013671875,0.0289154052734375,-0.1483154296875
22.972,0.9933929443359375,0.014404296875,-0.14984130859375
22.986,0.9781494140625,0.0186920166015625,-0.1639404296875
23.006,0.9810791015625,0.03369140625,-0.160980224609375
23.027,0.986083984375,0.0362091064453125,-0.15936279296875
23.053,0.981719970703125,0.0502777099609375,-0.166015625
23.064,0.988311767578125,0.0476531982421875,-0.1512603759765625
23.084,0.9833221435546875,0.0458984375,-0.15582275390625
23.103,0.9834747314453125,0.05438232421875,-0.156585693359375
23.131,0.9823150634765625,0.0378875732421875,-0.169891357421875
23.143,0.9881439208984375,0.029022216796875,-0.1620330810546875
23.162,0.986419677734375,0.038421630859375,-0.141387939453125
23.182,0.985992431640625,0.0435333251953125,-0.1367950439453125
23.212,0.981903076171875,0.0458526611328125,-0.1431884765625
23.222,0.9844207763671875,0.0449676513671875,-0.1471405029296875
23.241,0.984588623046875,0.0563507080078125,-0.156097412109375
23.260,0.9935760498046875,0.05059814453125,-0.1474151611328125
23.292,0.9931793212890625,0.046112060546875,-0.1295013427734375
23.300,0.980712890625,0.0557098388671875,-0.136810302734375
23.319,0.974090576171875,0.072845458984375,-0.15008544921875
23.339,0.97418212890625,0.0766143798828125,-0.1558685302734375
23.359,0.9880828857421875,0.068389892578125,-0.1502532958984375
23.378,0.996368408203125,0.0518798828125,-0.13751220703125
23.398,0.9877471923828125,0.0430755615234375,-0.13055419921875
23.417,0.9756317138671875,0.0503997802734375,-0.1224822998046875
23.437,0.9779510498046875,0.0599822998046875,-0.144500732421875
23.457,0.9860076904296875,0.0533905029296875,-0.1565399169921875
23.477,1.005035400390625,0.0398712158203125,-0.1247100830078125
23.495,1.000473022460938,0.0267486572265625,-0.1329193115234375
23.515,0.978179931640625,0.04071044921875,-0.161895751953125
23.536,0.9740447998046875,0.058685302734375,-0.159759521484375
23.555,0.96722412109375,0.05706787109375,-0.1421051025390625
23.574,0.9707794189453125,0.04351806640625,-0.1615447998046875
23.594,0.9969024658203125,0.0515899658203125,-0.1616973876953125
23.613,1.001480102539062,0.0657501220703125,-0.136810302734375
23.632,0.9748687744140625,0.0712432861328125,-0.1521148681640625
23.653,0.9785614013671875,0.08306884765625,-0.158203125
23.673,0.995025634765625,0.0731658935546875,-0.157012939453125
23.692,0.9831390380859375,0.0732574462890625,-0.148468017578125
23.713,0.97930908203125,0.084075927734375,-0.144775390625
23.733,0.984771728515625,0.089202880859375,-0.153350830078125
23.752,0.99517822265625,0.083770751953125,-0.150634765625
23.772,0.994293212890625,0.06805419921875,-0.1593017578125
23.792,0.9879608154296875,0.058197021484375,-0.1563720703125
23.810,0.9824066162109375,0.0586700439453125,-0.1577911376953125
23.829,0.9851531982421875,0.0458221435546875,-0.1561431884765625
23.851,0.98809814453125,0.0374298095703125,-0.17095947265625
23.869,0.995361328125,0.0384521484375,-0.1717987060546875
23.888,0.9890899658203125,0.042724609375,-0.165130615234375
23.908,0.988800048828125,0.0445404052734375,-0.155731201171875
23.950,0.9863739013671875,0.03436279296875,-0.1497650146484375
23.952,0.983245849609375,0.0321197509765625,-0.1588897705078125
23.967,0.9843597412109375,0.0374908447265625,-0.1670989990234375
23.987,0.9887847900390625,0.0454559326171875,-0.156585693359375
24.012,0.989654541015625,0.04522705078125,-0.1609649658203125
24.027,0.9866943359375,0.0522003173828125,-0.1720733642578125
24.047,0.987945556640625,0.0534210205078125,-0.1663360595703125
24.064,0.9880523681640625,0.055267333984375,-0.160736083984375
24.091,0.9851837158203125,0.06170654296875,-0.1561279296875
24.105,0.982330322265625,0.06884765625,-0.1486663818359375
24.123,0.98583984375,0.07269287109375,-0.143157958984375
24.144,0.98773193359375,0.067779541015625,-0.1507110595703125
24.171,0.9884490966796875,0.0631561279296875,-0.1442108154296875
24.183,0.9867095947265625,0.0594940185546875,-0.142669677734375
24.204,0.987030029296875,0.055389404296875,-0.1462860107421875
24.222,0.9938507080078125,0.0567169189453125,-0.1492919921875
24.251,0.989715576171875,0.056060791015625,-0.1378173828125
24.262,0.9832000732421875,0.041656494140625,-0.142730712890625
24.281,0.979644775390625,0.0433349609375,-0.151885986328125
24.301,0.98797607421875,0.052734375,-0.1424560546875
24.331,0.9918060302734375,0.0398406982421875,-0.15399169921875
24.340,1.002365112304688,0.0419769287109375,-0.1420440673828125
24.358,0.984893798828125,0.0582275390625,-0.1325836181640625
24.378,0.977691650390625,0.0599517822265625,-0.1285400390625
24.399,0.98370361328125,0.0478057861328125,-0.119049072265625
24.418,0.987213134765625,0.0482330322265625,-0.118438720703125
24.438,0.985015869140625,0.0514373779296875,-0.1172332763671875
24.458,0.9883270263671875,0.0489654541015625,-0.116973876953125
24.476,0.993621826171875,0.051300048828125,-0.1186370849609375
24.497,0.9964752197265625,0.050323486328125,-0.1163177490234375
24.516,0.99505615234375,0.038543701171875,-0.1151885986328125
24.535,0.9867401123046875,0.0402984619140625,-0.1063232421875
24.555,0.98370361328125,0.0357513427734375,-0.1090850830078125
24.574,0.9944915771484375,0.0377044677734375,-0.1100616455078125
24.594,0.9912261962890625,0.0374908447265625,-0.1165924072265625
24.615,0.9949493408203125,0.0361328125,-0.1135711669921875
24.635,0.9897918701171875,0.031036376953125,-0.1206817626953125
24.653,0.997161865234375,0.0269927978515625,-0.1094970703125
24.674,0.9895172119140625,0.0312652587890625,-0.1085205078125
24.694,0.9803009033203125,0.0337066650390625,-0.113555908203125
24.713,0.9837646484375,0.0410308837890625,-0.116912841796875
24.733,0.99395751953125,0.051513671875,-0.11029052734375
24.753,0.996246337890625,0.0487823486328125,-0.097076416015625
24.770,0.9965362548828125,0.0397491455078125,-0.0730743408203125
24.790,0.988311767578125,0.0447845458984375,-0.074951171875
24.811,0.9868011474609375,0.042999267578125,-0.1119842529296875
24.830,0.9911041259765625,0.034393310546875,-0.14190673828125
24.849,1.002777099609375,0.030487060546875,-0.1375732421875
24.869,0.989288330078125,0.0121002197265625,-0.13153076171875
24.890,0.9838104248046875,0.015869140625,-0.1381683349609375
24.908,0.99639892578125,0.0049591064453125,-0.1467132568359375
24.926,0.9981689453125,-0.0055694580078125,-0.1579437255859375
24.947,0.987213134765625,-0.014617919921875,-0.1599273681640625
24.971,0.9942626953125,-0.0177459716796875,-0.1500396728515625
24.987,0.9781951904296875,-0.0163116455078125,-0.152496337890625
25.007,0.977569580078125,-0.0148162841796875,-0.1599884033203125
25.026,0.991455078125,-0.01605224609375,-0.19659423828125
25.053,0.999053955078125,-0.014190673828125,-0.175262451171875
25.066,0.988922119140625,-0.0068817138671875,-0.14837646484375
25.084,0.9810333251953125,-0.003021240234375,-0.1574859619140625
25.104,0.9843597412109375,-0.0080413818359375,-0.1857757568359375
25.133,0.9892730712890625,-0.0151519775390625,-0.188262939453125
25.143,0.9856414794921875,-0.0020599365234375,-0.1654052734375
25.163,0.984375,0.024017333984375,-0.164581298828125
25.184,0.9766693115234375,0.0330963134765625,-0.1604766845703125
25.212,0.974609375,0.0279693603515625,-0.1626129150390625
25.222,0.9834442138671875,0.018951416015625,-0.16961669921875
25.242,0.9876708984375,0.017486572265625,-0.168487548828125
25.263,0.983306884765625,0.015777587890625,-0.1978607177734375
25.291,0.9787445068359375,0.0226898193359375,-0.1920623779296875
25.301,0.985137939453125,0.028839111328125,-0.174072265625
25.320,0.988494873046875,0.028564453125,-0.168975830078125
25.339,0.9810791015625,0.0235595703125,-0.1863861083984375
25.359,0.981964111328125,0.0210723876953125,-0.1965789794921875
25.379,0.98529052734375,0.02117919921875,-0.1929473876953125
25.398,0.9866180419921875,0.001251220703125,-0.183990478515625
25.418,0.9919281005859375,-0.01495361328125,-0.1656494140625
25.437,0.99639892578125,-0.0203857421875,-0.1823272705078125
25.458,0.9998016357421875,-0.0136260986328125,-0.198211669921875
25.479,0.993682861328125,-0.00030517578125,-0.1913299560546875
25.499,0.9832305908203125,0.015289306640625,-0.1728668212890625
25.531,0.9731292724609375,0.0133819580078125,-0.1630096435546875
25.538,0.977142333984375,-0.0013885498046875,-0.16534423828125
25.558,0.9828948974609375,-0.01348876953125,-0.17608642578125
25.577,0.995452880859375,-0.0140838623046875,-0.1880340576171875
25.596,1.000076293945312,0.0053863525390625,-0.1773223876953125
25.617,0.99176025390625,0.0112457275390625,-0.16693115234375
25.637,0.9882354736328125,0.0200653076171875,-0.174407958984375
25.655,0.9834136962890625,0.0218048095703125,-0.1732330322265625
25.674,0.9819793701171875,0.02728271484375,-0.163299560546875
25.696,0.9891357421875,-0.003631591796875,-0.193328857421875
25.715,0.9977874755859375,0.006072998046875,-0.1825408935546875
25.734,0.9776611328125,0.0204925537109375,-0.15185546875
25.753,0.958709716796875,0.029205322265625,-0.142974853515625
25.775,0.971038818359375,0.0212554931640625,-0.1521759033203125
25.793,0.97723388671875,0.0269927978515625,-0.13555908203125
25.814,0.970367431640625,0.0452423095703125,-0.1267242431640625
25.834,0.9717864990234375,0.0505523681640625,-0.1411590576171875
25.852,0.9815521240234375,0.04443359375,-0.1424560546875
25.871,0.982086181640625,0.0479278564453125,-0.1425933837890625
25.893,0.9884490966796875,0.0482330322265625,-0.14349365234375
25.910,0.9973907470703125,0.06268310546875,-0.140716552734375
25.932,0.9843597412109375,0.0729217529296875,-0.1497039794921875
25.949,0.9910736083984375,0.0815582275390625,-0.160797119140625
25.969,0.98724365234375,0.084625244140625,-0.1750335693359375
25.989,0.9830322265625,0.0905303955078125,-0.16937255859375
26.011,0.9841461181640625,0.0886077880859375,-0.158538818359375
26.028,0.985626220703125,0.0866546630859375,-0.1303558349609375
26.048,0.980804443359375,0.0951995849609375,-0.1268463134765625
26.067,0.98443603515625,0.106842041015625,-0.1333770751953125
26.092,0.9869537353515625,0.115234375,-0.1361541748046875
26.106,0.982757568359375,0.122283935546875,-0.13714599609375
26.126,0.973114013671875,0.124969482421875,-0.145233154296875
26.147,0.969146728515625,0.1313018798828125,-0.156646728515625
26.171,0.9802398681640625,0.135040283203125,-0.158416748046875
26.185,0.983184814453125,0.1371917724609375,-0.1625518798828125
26.205,0.9803619384765625,0.1224365234375,-0.1667327880859375
26.224,0.98455810546875,0.0950927734375,-0.1636962890625
26.251,0.97747802734375,0.095672607421875,-0.1586761474609375
26.263,0.9720306396484375,0.095916748046875,-0.1589202880859375
26.283,0.98028564453125,0.0895538330078125,-0.169921875
26.302,0.988861083984375,0.0847625732421875,-0.17041015625
26.332,0.9939727783203125,0.085784912109375,-0.16412353515625
26.343,0.989593505859375,0.082366943359375,-0.1367950439453125
26.361,0.9705352783203125,0.0805816650390625,-0.1478424072265625
26.381,0.9815673828125,0.087799072265625,-0.147491455078125
26.411,0.982574462890625,0.0878753662109375,-0.1436767578125
26.420,0.977203369140625,0.0802001953125,-0.1663818359375
26.440,0.9954376220703125,0.0784149169921875,-0.1696929931640625
26.460,0.99285888671875,0.084930419921875,-0.1643829345703125
26.491,0.982940673828125,0.0870513916015625,-0.1466217041015625
26.504,0.992645263671875,0.087066650390625,-0.1526336669921875
26.518,0.9828033447265625,0.0875396728515625,-0.16668701171875
26.539,0.972442626953125,0.0898590087890625,-0.1597442626953125
26.557,0.979156494140625,0.097381591796875,-0.1483917236328125
26.577,0.980926513671875,0.09881591796875,-0.1517333984375
26.598,0.9819183349609375,0.09722900390625,-0.1552886962890625
26.616,0.9872589111328125,0.09271240234375,-0.1550750732421875
26.636,0.984710693359375,0.09210205078125,-0.1555023193359375
26.655,0.9867401123046875,0.0999755859375,-0.144989013671875
26.675,0.9786224365234375,0.097381591796875,-0.142303466796875
26.695,0.9788970947265625,0.0991363525390625,-0.141845703125
26.716,0.98248291015625,0.098175048828125,-0.1446533203125
26.736,0.9830322265625,0.097869873046875,-0.1383514404296875
26.754,0.98321533203125,0.0973358154296875,-0.14141845703125
26.775,0.984649658203125,0.0954437255859375,-0.137359619140625
26.794,0.984375,0.0900726318359375,-0.1301727294921875
26.813,0.9850006103515625,0.0912322998046875,-0.1325836181640625
26.834,0.98333740234375,0.08837890625,-0.1337127685546875
26.854,0.98834228515625,0.0889434814453125,-0.134521484375
26.872,0.9954376220703125,0.088531494140625,-0.12969970703125
26.893,0.9876861572265625,0.0829010009765625,-0.1284027099609375
26.911,0.9827117919921875,0.082794189453125,-0.1265106201171875
26.930,0.9839630126953125,0.0830078125,-0.1196136474609375
26.950,0.9883270263671875,0.078338623046875,-0.1146087646484375
26.970,0.985321044921875,0.071502685546875,-0.1180572509765625
26.991,0.990203857421875,0.0710296630859375,-0.114776611328125
27.009,0.9920806884765625,0.0657501220703125,-0.110198974609375
27.028,0.9901580810546875,0.0649566650390625,-0.1019439697265625
27.054,0.98419189453125,0.0695648193359375,-0.0853729248046875
27.068,0.9860687255859375,0.0627288818359375,-0.09002685546875
27.090,0.9945831298828125,0.0591583251953125,-0.09930419921875
27.108,1.000900268554688,0.0492706298828125,-0.095672607421875
27.131,0.9933929443359375,0.032928466796875,-0.1092529296875
27.146,1.004501342773438,0.035430908203125,-0.11138916015625
27.167,1.010726928710938,0.0531158447265625,-0.1068115234375
27.185,1.005355834960938,0.0489654541015625,-0.1172027587890625
27.211,1.006790161132812,0.03802490234375,-0.117218017578125
27.226,1.003585815429688,0.038818359375,-0.091583251953125
27.244,0.976226806640625,0.0352783203125,-0.075042724609375
27.264,0.9705352783203125,0.0294342041015625,-0.0753631591796875
27.292,0.9947052001953125,0.0272674560546875,-0.0841064453125
27.304,0.9860687255859375,0.014801025390625,-0.1044158935546875
27.323,0.992523193359375,0.0133514404296875,-0.1147003173828125
27.343,1.005767822265625,0.0167694091796875,-0.1143035888671875
27.372,1.010055541992188,0.0107879638671875,-0.1104736328125
27.382,1.006576538085938,-0.0125274658203125,-0.1146087646484375
27.401,0.996673583984375,-0.0153656005859375,-0.125762939453125
27.421,1.0006103515625,-0.0155181884765625,-0.132568359375
27.439,0.99615478515625,-0.014007568359375,-0.1401214599609375
27.459,0.9950408935546875,-0.0043182373046875,-0.1333770751953125
27.482,0.9913787841796875,-0.010986328125,-0.1314849853515625
27.499,1.003921508789062,-0.0163116455078125,-0.1209259033203125
27.519,0.99420166015625,-0.017669677734375,-0.146697998046875
27.538,0.978515625,-0.014404296875,-0.16400146484375
27.559,0.978668212890625,-0.0050201416015625,-0.16363525390625
27.577,0.994354248046875,0.01324462890625,-0.1528472900390625
27.597,1.000228881835938,0.005340576171875,-0.1353759765625
27.616,0.996826171875,-0.0055389404296875,-0.1330108642578125
27.636,0.990814208984375,-0.0140380859375,-0.1508026123046875
27.656,0.9790191650390625,0.0096435546875,-0.17657470703125
27.676,0.975982666015625,0.04833984375,-0.17242431640625
27.695,0.993896484375,0.038787841796875,-0.1484527587890625
27.715,0.996307373046875,0.0306243896484375,-0.1309814453125
27.734,0.9912261962890625,0.0150146484375,-0.1296539306640625
27.754,0.975372314453125,0.02362060546875,-0.1468963623046875
27.774,0.9698486328125,0.0346832275390625,-0.154937744140625
27.793,0.987701416015625,0.033905029296875,-0.1544189453125
27.815,0.9971923828125,0.0245513916015625,-0.13763427734375
27.833,0.9993896484375,0.0138092041015625,-0.1251678466796875
27.854,0.9970703125,0.0123138427734375,-0.1365966796875
27.874,0.9888916015625,0.0322723388671875,-0.1682891845703125
27.891,0.9842529296875,0.054443359375,-0.1753692626953125
27.911,0.995147705078125,0.071807861328125,-0.1619415283203125
27.931,1.0087890625,0.045684814453125,-0.1364898681640625
27.951,0.9823455810546875,0.02740478515625,-0.12396240234375
27.970,0.97308349609375,0.0374603271484375,-0.1224365234375
27.990,0.9850006103515625,0.04248046875,-0.145233154296875
28.013,0.99188232421875,0.0478057861328125,-0.15899658203125
28.029,1.000717163085938,0.0440216064453125,-0.1555938720703125
28.049,0.996795654296875,0.0721893310546875,-0.113128662109375
28.069,0.9649658203125,0.0843658447265625,-0.0940704345703125
28.091,0.9640655517578125,0.0375518798828125,-0.1110076904296875
28.107,0.991363525390625,0.0056304931640625,-0.1347808837890625
28.127,1.00225830078125,0.0140228271484375,-0.1307830810546875
28.147,0.9993896484375,0.0382232666015625,-0.102630615234375
28.171,0.9864654541015625,0.0750579833984375,-0.083160400390625
28.186,0.9774322509765625,0.0797882080078125,-0.0802764892578125
28.205,0.9805145263671875,0.0535736083984375,-0.1047515869140625
28.224,0.9831695556640625,0.0316162109375,-0.1280670166015625
28.252,0.9943084716796875,0.0440673828125,-0.119537353515625
28.264,0.990020751953125,0.0427398681640625,-0.127655029296875
28.284,0.996490478515625,0.03546142578125,-0.1033935546875
28.303,0.9876861572265625,0.0285186767578125,-0.09857177734375
28.331,0.9766693115234375,0.044464111328125,-0.1141204833984375
28.342,0.9745330810546875,0.06427001953125,-0.1228790283203125
28.362,0.983612060546875,0.06793212890625,-0.1213836669921875
28.383,0.9904022216796875,0.0653228759765625,-0.1141204833984375
28.411,0.99395751953125,0.0855712890625,-0.0995025634765625
28.421,0.9945831298828125,0.104736328125,-0.09564208984375
28.441,0.9982147216796875,0.1019134521484375,-0.1067047119140625
28.461,0.9990692138671875,0.099395751953125,-0.1175384521484375
28.480,0.9917755126953125,0.0985870361328125,-0.1160888671875
28.499,0.98175048828125,0.0915985107421875,-0.1114349365234375
28.521,0.979248046875,0.0859832763671875,-0.1089324951171875
28.538,0.983184814453125,0.0821380615234375,-0.1273193359375
28.559,0.9879608154296875,0.07708740234375,-0.1480865478515625
28.580,1.007431030273438,0.06842041015625,-0.1449737548828125
28.597,1.004653930664062,0.063018798828125,-0.131927490234375
28.618,0.987884521484375,0.073822021484375,-0.120849609375
28.636,0.9761962890625,0.077392578125,-0.1207427978515625
28.657,0.9839935302734375,0.085205078125,-0.1153106689453125
28.676,0.985809326171875,0.0733489990234375,-0.108612060546875
28.696,0.98016357421875,0.0737457275390625,-0.1115570068359375
28.715,0.9746551513671875,0.0832366943359375,-0.120147705078125
28.735,0.9859619140625,0.098114013671875,-0.1168365478515625
28.757,0.9867706298828125,0.0946044921875,-0.137664794921875
28.775,1.002182006835938,0.07147216796875,-0.1320953369140625
28.794,0.9920806884765625,0.0920257568359375,-0.12591552734375
28.815,0.97283935546875,0.0872955322265625,-0.124664306640625
28.835,0.9823455810546875,0.0884246826171875,-0.12017822265625
28.853,0.9877471923828125,0.0897216796875,-0.122039794921875
28.873,0.99249267578125,0.0991973876953125,-0.1212158203125
28.894,0.9951019287109375,0.10125732421875,-0.1229400634765625
28.911,0.9922332763671875,0.09423828125,-0.12738037109375
28.931,0.9864501953125,0.08935546875,-0.1275177001953125
28.951,0.9853057861328125,0.085296630859375,-0.1245880126953125
28.971,0.9833984375,0.08746337890625,-0.1292877197265625
28.990,0.990264892578125,0.0857696533203125,-0.1138916015625
29.009,0.9869232177734375,0.081390380859375,-0.1133575439453125
29.029,0.9853973388671875,0.0881805419921875,-0.123260498046875
29.053,0.9904327392578125,0.0896453857421875,-0.1225128173828125
29.069,0.9869384765625,0.0952911376953125,-0.1227569580078125
29.089,0.9918365478515625,0.0988311767578125,-0.1114501953125
29.107,0.9891204833984375,0.0979461669921875,-0.1125946044921875
29.131,0.988800048828125,0.092559814453125,-0.1150665283203125
29.148,0.987091064453125,0.0918426513671875,-0.1058349609375
29.166,0.9894256591796875,0.0910797119140625,-0.103424072265625
29.186,0.9905853271484375,0.0933074951171875,-0.1047210693359375
29.211,0.991790771484375,0.09539794921875,-0.103729248046875
29.225,0.9890594482421875,0.0983734130859375,-0.1026611328125
29.245,0.9884490966796875,0.0997772216796875,-0.10028076171875
29.265,0.99041748046875,0.09716796875,-0.1026763916015625
29.292,0.9962310791015625,0.09222412109375,-0.1012420654296875
29.303,1.00244140625,0.09393310546875,-0.083404541015625
29.324,0.9958038330078125,0.100799560546875,-0.0772857666015625
29.344,0.9892120361328125,0.097747802734375,-0.086639404296875
29.376,0.9933624267578125,0.08172607421875,-0.0954742431640625
29.382,0.9896392822265625,0.06005859375,-0.100860595703125
29.402,0.9942169189453125,0.0615386962890625,-0.097259521484375
29.421,0.9898529052734375,0.0625,-0.0837249755859375
29.456,0.9813385009765625,0.06011962890625,-0.08575439453125
29.463,0.9943695068359375,0.071563720703125,-0.0925445556640625
29.480,0.989959716796875,0.086090087890625,-0.0927886962890625
29.500,0.9837493896484375,0.082275390625,-0.0882720947265625
29.520,0.9930877685546875,0.081298828125,-0.077056884765625
29.539,0.9897003173828125,0.0837554931640625,-0.082855224609375
29.558,0.984161376953125,0.0680389404296875,-0.0847015380859375
29.577,0.9883575439453125,0.05450439453125,-0.0817108154296875
29.599,1.000381469726562,0.0501861572265625,-0.094451904296875
29.618,0.990875244140625,0.038421630859375,-0.09765625
29.637,0.985931396484375,0.0318450927734375,-0.0874786376953125
29.657,0.9796142578125,0.0330963134765625,-0.1024322509765625
29.676,0.991424560546875,0.024627685546875,-0.1161041259765625
29.696,0.9942474365234375,0.038421630859375,-0.1230621337890625
29.715,0.9905853271484375,0.034149169921875,-0.138671875
29.735,0.994903564453125,0.0284271240234375,-0.1525421142578125
29.755,1.000381469726562,0.01220703125,-0.135589599609375
29.774,0.9863433837890625,0.0048828125,-0.14178466796875
29.795,0.9882049560546875,0.0091094970703125,-0.1400146484375
29.814,0.98651123046875,0.0060272216796875,-0.1490936279296875
29.834,0.9952545166015625,0.0053253173828125,-0.161895751953125
29.855,1.000640869140625,-0.004486083984375,-0.1625213623046875
29.872,0.9919891357421875,-0.01898193359375,-0.1627197265625
29.892,0.98779296875,-0.024017333984375,-0.1707916259765625
29.912,1,-0.0100860595703125,-0.169647216796875
29.932,1.00555419921875,-0.0029296875,-0.1469268798828125
29.950,0.992401123046875,0.018951416015625,-0.1305084228515625
29.970,0.98272705078125,0.026885986328125,-0.127044677734375
29.991,0.9741973876953125,0.022613525390625,-0.1241302490234375
30.014,0.97296142578125,0.020172119140625,-0.1275634765625
30.029,0.983673095703125,0.0263214111328125,-0.12896728515625
30.051,0.9936370849609375,0.0383453369140625,-0.1216888427734375
30.069,0.9958038330078125,0.0421905517578125,-0.1262054443359375
30.093,0.998321533203125,0.0335540771484375,-0.1343536376953125
30.108,1.005340576171875,0.027252197265625,-0.13006591796875
30.127,0.9983062744140625,0.027008056640625,-0.13525390625
30.147,0.9953155517578125,0.020538330078125,-0.14984130859375
30.173,0.995513916015625,0.0242462158203125,-0.161224365234375
30.186,0.9991912841796875,0.0398712158203125,-0.1573333740234375
30.206,1.00286865234375,0.0479888916015625,-0.1455841064453125
30.225,1.0006103515625,0.02813720703125,-0.146026611328125
30.253,0.9951171875,0.0420379638671875,-0.1622161865234375
30.264,0.987030029296875,0.0449981689453125,-0.1751708984375
30.285,0.9783782958984375,0.0428009033203125,-0.159149169921875
30.305,0.9859161376953125,0.0329132080078125,-0.10272216796875
30.334,0.9954681396484375,0.021636962890625,-0.0782470703125
30.343,0.9813995361328125,0.028167724609375,-0.103790283203125
30.365,0.9823455810546875,0.038177490234375,-0.1322174072265625
30.382,0.985595703125,0.0688323974609375,-0.1476287841796875
30.412,0.988006591796875,0.0862579345703125,-0.1533355712890625
30.422,1.010604858398438,0.0777587890625,-0.1173553466796875
30.442,1.00146484375,0.062774658203125,-0.09649658203125
30.460,0.9822235107421875,0.0414581298828125,-0.0991058349609375
30.491,0.983428955078125,0.03460693359375,-0.1306915283203125
30.502,0.9932861328125,0.0398406982421875,-0.143463134765625
30.519,1.0042724609375,0.057769775390625,-0.108306884765625
30.539,0.9991607666015625,0.0500946044921875,-0.09716796875
30.572,0.9916839599609375,0.059356689453125,-0.1045684814453125
30.579,0.9931793212890625,0.0489959716796875,-0.116180419921875
30.598,0.9909210205078125,0.0367584228515625,-0.1218719482421875
30.617,0.98931884765625,0.030548095703125,-0.1172027587890625
30.637,0.9851837158203125,0.052154541015625,-0.094146728515625
30.657,0.97357177734375,0.0664215087890625,-0.0739898681640625
30.679,0.9801177978515625,0.0740966796875,-0.0854949951171875
30.696,0.992462158203125,0.0695648193359375,-0.0968780517578125
30.716,0.9962158203125,0.0517120361328125,-0.11480712890625
30.735,0.999603271484375,0.0428924560546875,-0.1192779541015625
30.757,0.99957275390625,0.063385009765625,-0.104034423828125
30.775,0.9895782470703125,0.07830810546875,-0.0872955322265625
30.794,0.9869384765625,0.0806427001953125,-0.0917205810546875
30.816,0.990692138671875,0.0804290771484375,-0.095733642578125
30.834,0.9910125732421875,0.0775604248046875,-0.1002349853515625
30.853,0.984527587890625,0.087554931640625,-0.0984954833984375
30.873,0.9781494140625,0.085418701171875,-0.094940185546875
30.892,0.97589111328125,0.0793609619140625,-0.094329833984375
30.912,0.971343994140625,0.09332275390625,-0.1055755615234375
30.931,0.98284912109375,0.092742919921875,-0.123443603515625
30.951,0.998260498046875,0.08868408203125,-0.1417236328125
30.973,0.9972991943359375,0.089874267578125,-0.1395721435546875
30.990,0.9896392822265625,0.0743255615234375,-0.1354217529296875
31.010,0.9815673828125,0.0654754638671875,-0.1309814453125
31.029,0.9788360595703125,0.0729522705078125,-0.1200103759765625
31.054,0.9854736328125,0.0792388916015625,-0.1216278076171875
31.070,0.9978485107421875,0.0811920166015625,-0.1265106201171875
31.088,0.998870849609375,0.077178955078125,-0.122406005859375
31.108,0.9866180419921875,0.08294677734375,-0.1238861083984375
31.132,0.986083984375,0.087738037109375,-0.13555908203125
31.147,0.9786834716796875,0.0869598388671875,-0.1418609619140625
31.167,0.96893310546875,0.08697509765625,-0.1421356201171875
31.186,0.9791107177734375,0.0946197509765625,-0.1414794921875
31.211,0.9964599609375,0.1146697998046875,-0.1417236328125
31.226,0.9855499267578125,0.11334228515625,-0.147064208984375
31.245,0.9941253662109375,0.1079559326171875,-0.151275634765625
31.265,0.9962921142578125,0.1131439208984375,-0.1448516845703125
31.292,0.98516845703125,0.1165313720703125,-0.132720947265625
31.305,0.9769287109375,0.101165771484375,-0.1217041015625
31.325,0.9775390625,0.0879974365234375,-0.1258087158203125
31.343,0.97747802734375,0.081268310546875,-0.1291656494140625
31.372,0.9807281494140625,0.0866241455078125,-0.13201904296875
31.382,0.9935302734375,0.092559814453125,-0.136383056640625
31.402,0.994171142578125,0.0959625244140625,-0.133636474609375
31.422,0.994720458984375,0.091827392578125,-0.135284423828125
31.453,0.9900665283203125,0.077972412109375,-0.1363983154296875
31.462,0.986114501953125,0.080291748046875,-0.13970947265625
31.480,0.9854278564453125,0.0743865966796875,-0.1304779052734375
31.501,0.9831695556640625,0.0756683349609375,-0.1378631591796875
31.532,0.9878387451171875,0.0723419189453125,-0.1309814453125
31.540,0.9922637939453125,0.081451416015625,-0.130157470703125
31.559,0.988067626953125,0.087890625,-0.1306610107421875
31.579,0.9893646240234375,0.093231201171875,-0.1251373291015625
31.600,0.9888458251953125,0.0875396728515625,-0.1241302490234375
31.618,0.9873046875,0.0804595947265625,-0.1292724609375
31.637,0.985931396484375,0.081451416015625,-0.1376953125
31.657,0.992218017578125,0.0777587890625,-0.140716552734375
31.677,0.9948272705078125,0.07830810546875,-0.141326904296875
31.696,0.99249267578125,0.081939697265625,-0.1337432861328125
31.716,0.986175537109375,0.08184814453125,-0.1179351806640625
31.735,0.9788055419921875,0.0801239013671875,-0.115020751953125
31.756,0.98394775390625,0.081939697265625,-0.113433837890625
31.776,0.9834136962890625,0.07958984375,-0.1145782470703125
31.794,0.9865264892578125,0.0823822021484375,-0.1069793701171875
31.815,0.982452392578125,0.081512451171875,-0.0964508056640625
31.834,0.9766998291015625,0.0767059326171875,-0.10089111328125
31.853,0.98858642578125,0.075469970703125,-0.0961761474609375
31.873,0.99542236328125,0.080841064453125,-0.09808349609375
31.892,0.986297607421875,0.075958251953125,-0.100189208984375
31.911,0.9882049560546875,0.064056396484375,-0.10302734375
31.932,0.992828369140625,0.061004638671875,-0.0988006591796875
31.951,0.987396240234375,0.057373046875,-0.0929107666015625
31.971,1.001083374023438,0.0457305908203125,-0.082733154296875
31.990,0.9936065673828125,0.0498809814453125,-0.0819549560546875
32.012,0.980377197265625,0.052764892578125,-0.10064697265625
32.031,1.001022338867188,0.0428009033203125,-0.1083526611328125
32.049,1.011184692382812,0.049591064453125,-0.085418701171875
32.069,0.99114990234375,0.0546722412109375,-0.0717926025390625
32.092,0.9803009033203125,0.041839599609375,-0.074676513671875
32.108,0.9868621826171875,0.0205078125,-0.0984344482421875
32.127,0.9970703125,0.013641357421875,-0.1075286865234375
32.147,0.99713134765625,0.0210113525390625,-0.0940704345703125
32.172,0.9999542236328125,0.0300140380859375,-0.0762481689453125
32.187,1.002532958984375,0.0092620849609375,-0.0745086669921875
32.206,0.9882965087890625,0.0045013427734375,-0.0809326171875
32.226,0.9901275634765625,-0.0042572021484375,-0.0993194580078125
32.253,0.9997406005859375,-0.0089569091796875,-0.1129302978515625
32.265,1.013778686523438,0.00732421875,-0.0885009765625
32.285,1.00408935546875,0.007781982421875,-0.098907470703125
32.304,1.0013427734375,0.006103515625,-0.111297607421875
32.331,1.004928588867188,0.010284423828125,-0.124359130859375
32.344,1.002029418945312,0.0082244873046875,-0.1235809326171875
32.362,0.9949188232421875,-0.0029449462890625,-0.12518310546875
32.383,0.983154296875,-0.00762939453125,-0.113800048828125
32.411,0.98968505859375,-0.0125579833984375,-0.1154022216796875
32.422,0.9943695068359375,-0.014129638671875,-0.139617919921875
32.441,0.99700927734375,-0.0159454345703125,-0.13726806640625
32.459,0.997772216796875,-0.0211944580078125,-0.112335205078125
32.493,0.9969024658203125,-0.0182647705078125,-0.1100616455078125
32.500,1.004043579101562,-0.0090484619140625,-0.12158203125
32.520,0.9974365234375,-0.015472412109375,-0.1468353271484375
32.539,0.9908447265625,-0.01593017578125,-0.1726226806640625
32.559,0.9978485107421875,-0.0129547119140625,-0.156219482421875
32.578,0.9959564208984375,-0.008026123046875,-0.1314849853515625
32.598,0.999114990234375,-0.0091400146484375,-0.1238861083984375
32.618,0.9919586181640625,-0.0122222900390625,-0.137115478515625
32.637,0.97637939453125,-0.0138397216796875,-0.1472625732421875
32.657,0.987518310546875,-0.001007080078125,-0.132843017578125
32.678,0.9964447021484375,0.056640625,-0.095001220703125
32.696,0.9868316650390625,0.0581207275390625,-0.0839691162109375
32.717,0.98785400390625,0.0436859130859375,-0.112548828125
32.737,0.9896392822265625,0.0308990478515625,-0.1151580810546875
32.755,0.98382568359375,0.02166748046875,-0.126495361328125
32.775,0.9911041259765625,0.0117340087890625,-0.13623046875
32.797,1.0089111328125,0.0097808837890625,-0.1105499267578125
32.814,0.992919921875,0.049774169921875,-0.0924835205078125
32.834,0.998565673828125,0.0120391845703125,-0.111602783203125
32.854,1.00439453125,-0.01251220703125,-0.1338958740234375
32.873,1.00457763671875,-0.0040283203125,-0.1379852294921875
32.892,0.9968109130859375,-0.001953125,-0.1402740478515625
32.913,0.99249267578125,0.0281982421875,-0.0888214111328125
32.932,0.9808807373046875,0.0110015869140625,-0.080596923828125
32.951,0.973541259765625,-0.0166168212890625,-0.1085205078125
32.972,0.9894561767578125,-0.0270538330078125,-0.1559906005859375
32.991,1.004852294921875,-0.0200042724609375,-0.161590576171875
33.011,0.99322509765625,0.0092620849609375,-0.11114501953125
33.031,0.98193359375,0.0337982177734375,-0.081298828125
33.054,0.979278564453125,0.018829345703125,-0.0842132568359375
33.068,0.981353759765625,0.003326416015625,-0.1041107177734375
33.089,0.980621337890625,-0.0056304931640625,-0.11883544921875
33.110,0.9818878173828125,0.00634765625,-0.1124725341796875
33.132,0.98883056640625,0.02777099609375,-0.0821533203125
33.147,0.993988037109375,0.043060302734375,-0.0831298828125
33.167,0.9973602294921875,0.0462493896484375,-0.1041259765625
33.187,1.003250122070312,0.034881591796875,-0.1127777099609375
33.212,0.9927215576171875,0.0333099365234375,-0.1128997802734375
33.227,0.99072265625,0.0302581787109375,-0.102508544921875
33.247,0.99029541015625,0.02197265625,-0.0914459228515625
33.265,0.9824371337890625,0.037841796875,-0.089447021484375
33.292,0.9827880859375,0.0347137451171875,-0.10772705078125
33.306,0.988677978515625,0.03717041015625,-0.1142730712890625
33.324,0.9866790771484375,0.05389404296875,-0.094482421875
33.343,0.9866790771484375,0.0655364990234375,-0.094268798828125
33.373,0.9988555908203125,0.05810546875,-0.1077117919921875
33.383,0.9957733154296875,0.04571533203125,-0.102294921875
33.402,0.9899139404296875,0.0474395751953125,-0.1002044677734375
33.422,0.9915008544921875,0.0536041259765625,-0.1022796630859375
33.452,0.9972686767578125,0.0601654052734375,-0.100799560546875
33.462,0.9976806640625,0.0574188232421875,-0.1120147705078125
33.481,1.003021240234375,0.05517578125,-0.1073150634765625
33.502,0.9997711181640625,0.0690155029296875,-0.10400390625
33.533,0.9998626708984375,0.0834808349609375,-0.0986328125
33.540,0.9946441650390625,0.085479736328125,-0.114044189453125
33.560,0.9962615966796875,0.0807037353515625,-0.1223907470703125
33.579,0.9915313720703125,0.0795440673828125,-0.1180572509765625
33.599,0.98822021484375,0.0757904052734375,-0.1201171875
33.617,0.9946441650390625,0.0865325927734375,-0.115814208984375
33.638,0.9854736328125,0.07891845703125,-0.1187286376953125
33.657,0.990386962890625,0.0684661865234375,-0.116485595703125
33.680,0.9947052001953125,0.0870208740234375,-0.1012420654296875
33.698,0.9868621826171875,0.089996337890625,-0.0965118408203125
33.716,0.9861297607421875,0.0789337158203125,-0.1266021728515625
33.736,0.997802734375,0.07733154296875,-0.1237030029296875
33.758,0.9939117431640625,0.0851287841796875,-0.11077880859375
33.775,0.984466552734375,0.077880859375,-0.0942535400390625
33.795,0.9907989501953125,0.0771942138671875,-0.113433837890625
33.815,0.9973297119140625,0.07421875,-0.1236572265625
33.834,0.9973297119140625,0.0760955810546875,-0.118255615234375
33.853,0.999420166015625,0.0801544189453125,-0.1152801513671875
33.873,0.999908447265625,0.0779571533203125,-0.1154937744140625
33.893,0.9940948486328125,0.0883026123046875,-0.114898681640625
33.912,0.99395751953125,0.089019775390625,-0.1126708984375
33.932,0.9911956787109375,0.0826568603515625,-0.1148834228515625
33.952,0.993804931640625,0.0915985107421875,-0.110565185546875
33.972,0.98681640625,0.0943756103515625,-0.1047210693359375
33.992,0.9892578125,0.0908966064453125,-0.1099395751953125
34.012,0.99346923828125,0.08831787109375,-0.112091064453125
34.029,0.9939727783203125,0.0860748291015625,-0.10369873046875
34.049,0.9927825927734375,0.0821533203125,-0.102508544921875
34.069,0.991363525390625,0.0814666748046875,-0.0984344482421875
34.093,0.9902801513671875,0.0865325927734375,-0.096343994140625
34.108,0.9900054931640625,0.085235595703125,-0.094940185546875
34.128,0.9901580810546875,0.079833984375,-0.0997161865234375
34.148,0.996734619140625,0.0721435546875,-0.1048431396484375
34.173,1.003585815429688,0.0566253662109375,-0.0980224609375
34.187,0.9939422607421875,0.0457000732421875,-0.0864715576171875
34.207,0.988372802734375,0.05609130859375,-0.0893402099609375
34.226,0.9872589111328125,0.0665740966796875,-0.0960540771484375
34.253,0.99053955078125,0.072998046875,-0.10546875
34.266,0.994049072265625,0.0641326904296875,-0.0970611572265625
34.284,0.9957122802734375,0.0723419189453125,-0.0760040283203125
34.304,0.9874267578125,0.070159912109375,-0.0735321044921875
34.331,0.983551025390625,0.073150634765625,-0.0911102294921875
34.349,0.986480712890625,0.066192626953125,-0.115020751953125
34.363,1.002655029296875,0.05865478515625,-0.10894775390625
34.384,1.00726318359375,0.0686798095703125,-0.088623046875
34.415,0.995758056640625,0.0725555419921875,-0.08160400390625
34.423,0.9869384765625,0.08294677734375,-0.093353271484375
34.442,0.991058349609375,0.080963134765625,-0.105926513671875
34.462,0.998748779296875,0.0725555419921875,-0.091156005859375
34.497,0.986907958984375,0.0588226318359375,-0.081024169921875
34.501,0.9785614013671875,0.0452117919921875,-0.0947723388671875
34.520,0.9893341064453125,0.0481719970703125,-0.1047821044921875
34.539,0.98541259765625,0.045654296875,-0.105987548828125
34.560,0.9940948486328125,0.0395355224609375,-0.0918731689453125
34.578,0.99688720703125,0.0475616455078125,-0.095611572265625
34.598,0.9823760986328125,0.0413970947265625,-0.126800537109375
34.618,0.98974609375,0.034454345703125,-0.1455535888671875
34.640,1.0001220703125,0.0403900146484375,-0.130462646484375
34.659,0.9909515380859375,0.0354461669921875,-0.140899658203125
34.677,1.004043579101562,0.0422210693359375,-0.16387939453125
34.698,0.993896484375,0.0554962158203125,-0.163970947265625
34.720,0.95587158203125,0.04705810546875,-0.1280364990234375
34.739,0.96954345703125,0.010467529296875,-0.1216888427734375
34.756,0.9944915771484375,-0.001983642578125,-0.1327972412109375
34.775,0.988311767578125,-0.004364013671875,-0.1501922607421875
34.794,0.977783203125,0.01776123046875,-0.16558837890625
34.817,0.9885101318359375,0.03399658203125,-0.1693878173828125
34.836,1.006118774414062,0.0158233642578125,-0.164093017578125
34.855,1.005325317382812,0.015380859375,-0.1473541259765625
34.873,0.9734954833984375,0.0141754150390625,-0.167755126953125
34.899,0.9901123046875,0.0048675537109375,-0.1689605712890625
34.913,1.004165649414062,0.0090789794921875,-0.1799468994140625
34.935,0.998870849609375,0.0205535888671875,-0.1647491455078125
34.953,0.981353759765625,0.0326690673828125,-0.1329345703125
34.980,0.9693450927734375,0.0256500244140625,-0.1318511962890625
35.002,0.9769287109375,0.026458740234375,-0.1508941650390625
35.010,0.9957427978515625,0.0260467529296875,-0.157196044921875
35.030,1.001358032226562,0.0332489013671875,-0.1681671142578125
35.068,0.9985198974609375,0.0409698486328125,-0.175323486328125
35.070,0.99896240234375,0.0495452880859375,-0.1639251708984375
35.089,1.002044677734375,0.0413055419921875,-0.1525726318359375
35.108,0.9947357177734375,0.037017822265625,-0.16314697265625
35.143,0.988006591796875,0.042694091796875,-0.1769866943359375
35.149,0.9794464111328125,0.051025390625,-0.173614501953125
35.168,0.9813385009765625,0.0406951904296875,-0.142059326171875
35.187,0.9944915771484375,0.0327301025390625,-0.118133544921875
35.220,0.993682861328125,0.030487060546875,-0.1506195068359375
35.228,0.9713592529296875,0.0436248779296875,-0.1857757568359375
35.245,0.981109619140625,0.07244873046875,-0.181060791015625
35.266,0.9914093017578125,0.0749359130859375,-0.1569366455078125
35.302,0.97802734375,0.060638427734375,-0.125762939453125
35.305,0.9742431640625,0.0541534423828125,-0.1360931396484375
35.325,0.9760589599609375,0.0319366455078125,-0.1613616943359375
35.344,0.9749298095703125,0.0392608642578125,-0.1560516357421875
35.390,0.9785308837890625,0.046539306640625,-0.14044189453125
35.394,0.99273681640625,0.051605224609375,-0.1226043701171875
35.403,0.9922637939453125,0.0710601806640625,-0.1148529052734375
35.423,0.9803009033203125,0.0743560791015625,-0.12835693359375
35.469,0.978363037109375,0.056182861328125,-0.149810791015625
35.472,0.9965057373046875,0.0505828857421875,-0.15167236328125
35.483,1.005661010742188,0.0468597412109375,-0.1202545166015625
35.500,1.002120971679688,0.0494537353515625,-0.1224212646484375
35.521,0.99359130859375,0.0539093017578125,-0.1293792724609375
35.554,0.98150634765625,0.068206787109375,-0.128997802734375
35.559,0.988616943359375,0.06304931640625,-0.1536712646484375
35.579,1.013046264648438,0.0578155517578125,-0.1435089111328125
35.602,1.0067138671875,0.0574951171875,-0.1255035400390625
35.633,0.987213134765625,0.0631256103515625,-0.1114959716796875
35.638,0.980560302734375,0.0660247802734375,-0.128692626953125
35.658,0.9857635498046875,0.0685882568359375,-0.1547698974609375
35.682,0.995697021484375,0.072998046875,-0.15380859375
35.714,0.9846954345703125,0.1026763916015625,-0.1337127685546875
35.717,0.975677490234375,0.1154327392578125,-0.11968994140625
35.740,0.981048583984375,0.114593505859375,-0.136932373046875
35.756,0.9883880615234375,0.1104736328125,-0.15362548828125
35.815,0.9842681884765625,0.112457275390625,-0.1620635986328125
35.818,0.9770050048828125,0.12713623046875,-0.15142822265625
35.821,0.9625701904296875,0.116973876953125,-0.150543212890625
35.835,0.96429443359375,0.0930633544921875,-0.1485595703125
35.892,0.97882080078125,0.108551025390625,-0.1623382568359375
35.895,0.9748687744140625,0.11236572265625,-0.171356201171875
35.898,0.9763031005859375,0.09967041015625,-0.1747589111328125
35.913,0.975067138671875,0.0829010009765625,-0.178985595703125
35.975,0.9771881103515625,0.0847015380859375,-0.1813201904296875
35.979,0.9696197509765625,0.1034393310546875,-0.1805267333984375
35.984,0.9897613525390625,0.0911407470703125,-0.1813812255859375
35.992,0.9957427978515625,0.0685882568359375,-0.182037353515625
36.058,0.9852142333984375,0.06719970703125,-0.1845245361328125
36.063,0.9778900146484375,0.0771636962890625,-0.1862640380859375
36.071,0.9781494140625,0.0667266845703125,-0.1938018798828125
36.075,0.98681640625,0.0510101318359375,-0.1981048583984375
36.131,0.9764862060546875,0.0249786376953125,-0.2011260986328125
36.136,0.9706573486328125,0.0164337158203125,-0.2037353515625
36.143,0.98065185546875,0.013519287109375,-0.20050048828125
36.150,0.965240478515625,0.029022216796875,-0.1846771240234375
36.212,0.9651336669921875,0.0347442626953125,-0.1762847900390625
36.215,0.9751739501953125,0.0445404052734375,-0.180633544921875
36.224,0.9853057861328125,0.041900634765625,-0.1852874755859375
36.229,0.9884033203125,0.0388031005859375,-0.1760711669921875
36.291,0.984954833984375,0.0243682861328125,-0.174713134765625
36.298,0.9699859619140625,0.017303466796875,-0.1761932373046875
36.303,0.9725494384765625,0.018402099609375,-0.1819000244140625
36.309,0.9738616943359375,0.00274658203125,-0.18084716796875
36.325,0.9714202880859375,-0.0064544677734375,-0.1810760498046875
36.380,0.9852142333984375,0.0088348388671875,-0.181549072265625
36.387,0.97991943359375,0.019683837890625,-0.1856842041015625
36.391,0.985809326171875,0.0116424560546875,-0.184112548828125
36.456,1.009262084960938,0.0113983154296875,-0.1960296630859375
36.461,0.9735565185546875,0.011505126953125,-0.176361083984375
36.464,0.97589111328125,0.020904541015625,-0.1533050537109375
36.467,0.98162841796875,0.0455169677734375,-0.1662750244140625
36.483,1.002593994140625,0.049468994140625,-0.1740264892578125
36.538,1.00799560546875,0.0095062255859375,-0.1870574951171875
36.542,0.9776611328125,-0.0128326416015625,-0.179107666015625
36.545,0.96636962890625,-0.0141143798828125,-0.1755218505859375
36.564,0.967010498046875,0.0024261474609375,-0.1692352294921875
36.623,0.9857940673828125,0.01165771484375,-0.166595458984375
36.626,0.9882659912109375,0.003509521484375,-0.1734161376953125
36.630,0.97918701171875,0.0229339599609375,-0.175537109375
36.646,0.9805450439453125,0.0261077880859375,-0.1642608642578125
36.698,0.982086181640625,0.017974853515625,-0.1756439208984375
36.705,0.99029541015625,0.016387939453125,-0.18115234375
36.710,0.9896087646484375,0.02117919921875,-0.167999267578125
36.718,0.9785308837890625,0.0226287841796875,-0.162353515625
36.778,0.9909210205078125,0.028472900390625,-0.1745452880859375
36.782,0.9833984375,0.018402099609375,-0.1824493408203125
36.786,0.9883270263671875,0.0233612060546875,-0.1839141845703125
36.796,1.00091552734375,0.02679443359375,-0.17242431640625
36.855,0.973480224609375,0.0279388427734375,-0.176788330078125
36.859,0.9708251953125,0.0324249267578125,-0.1820220947265625
36.864,0.98175048828125,0.038726806640625,-0.1770477294921875
36.875,0.994964599609375,0.0248565673828125,-0.178466796875
36.934,0.9888916015625,0.0226287841796875,-0.1755828857421875
36.941,0.9728546142578125,0.0228118896484375,-0.172119140625
36.945,0.9727630615234375,0.022796630859375,-0.1739654541015625
36.952,0.9756317138671875,0.02471923828125,-0.1735687255859375
37.010,0.9823455810546875,0.031829833984375,-0.174896240234375
37.015,0.98272705078125,0.031494140625,-0.1766815185546875
37.018,0.981719970703125,0.0402374267578125,-0.1745758056640625
37.031,0.9797821044921875,0.0367584228515625,-0.172576904296875
37.093,0.9848480224609375,0.0335693359375,-0.1771240234375
37.099,0.9859771728515625,0.0266876220703125,-0.17413330078125
37.109,0.9745941162109375,0.0232391357421875,-0.173492431640625
37.114,0.977508544921875,0.0207061767578125,-0.1701202392578125
37.176,0.98016357421875,0.0342559814453125,-0.17510986328125
37.183,0.977081298828125,0.024078369140625,-0.188446044921875
37.186,0.99078369140625,0.01605224609375,-0.1956634521484375
37.191,0.9900054931640625,0.0186767578125,-0.1774749755859375
37.249,0.9753570556640625,0.0242919921875,-0.1744842529296875
37.253,0.9755096435546875,0.022552490234375,-0.1741790771484375
37.260,0.982818603515625,0.0204925537109375,-0.182525634765625
37.266,0.9837493896484375,0.022552490234375,-0.17681884765625
37.329,0.9830474853515625,0.0281982421875,-0.1678314208984375
37.334,0.981170654296875,0.0215301513671875,-0.1686859130859375
37.338,0.9825286865234375,0.0198516845703125,-0.1727752685546875
37.344,0.9765472412109375,0.02227783203125,-0.1745147705078125
37.409,0.9800262451171875,0.018157958984375,-0.1697235107421875
37.414,0.9827423095703125,0.0309600830078125,-0.1800384521484375
37.417,0.9924468994140625,0.0292510986328125,-0.1658477783203125
37.423,0.9801483154296875,0.025299072265625,-0.17010498046875
37.443,0.983612060546875,0.0235137939453125,-0.1723175048828125
37.496,0.98333740234375,0.0194091796875,-0.171173095703125
37.499,0.9841461181640625,0.0225982666015625,-0.1719207763671875
37.503,0.985107421875,0.0280609130859375,-0.1699676513671875
37.524,0.9840545654296875,0.0233306884765625,-0.1740570068359375
37.577,0.9816436767578125,0.0220184326171875,-0.1750640869140625
37.582,0.983917236328125,0.0220947265625,-0.1603546142578125
37.586,0.992767333984375,0.0285186767578125,-0.164276123046875
37.605,0.986968994140625,0.028045654296875,-0.1721038818359375