1.372,0.9939422607421875,0.0453643798828125,0.0168304443359375
1.379,0.964935302734375,0.0486297607421875,0.0146331787109375
1.402,1.016860961914062,0.0279693603515625,-0.0048980712890625
1.421,1.0311279296875,0.016845703125,0.019775390625
1.44,0.9775390625,0.0061492919921875,0.0318756103515625
1.459,0.98480224609375,0.01800537109375,0.02752685546875
1.479,0.990753173828125,0.0299224853515625,0.0408782958984375
1.499,0.9933624267578125,0.050262451171875,0.040924072265625
1.519,1.012222290039062,0.027008056640625,0.0329437255859375
1.538,1.025543212890625,0.024627685546875,0.0324554443359375
1.557,0.991790771484375,0.0594482421875,0.053558349609375
1.579,0.9771270751953125,0.0720672607421875,0.0522308349609375
1.597,1.008285522460938,0.05242919921875,0.0471954345703125
1.616,1.001144409179688,0.046142578125,0.037445068359375
1.636,1.00030517578125,0.045318603515625,0.0400543212890625
1.657,1.004104614257812,0.05792236328125,0.0465850830078125
1.675,1.000045776367188,0.0754241943359375,0.0553436279296875
1.695,1.007171630859375,0.07012939453125,0.0522918701171875
1.714,1.005111694335938,0.061279296875,0.0350494384765625
1.738,0.9821319580078125,0.0654144287109375,0.0535888671875
1.752,0.9829559326171875,0.0764617919921875,0.048126220703125
1.774,0.98297119140625,0.090240478515625,0.04388427734375
1.793,0.98626708984375,0.0867767333984375,0.048248291015625
1.817,0.9791412353515625,0.0846710205078125,0.04925537109375
1.833,0.986175537109375,0.0601654052734375,0.062835693359375
1.851,0.9959259033203125,0.0521697998046875,0.0691375732421875
1.871,0.9850311279296875,0.0731048583984375,0.0678253173828125
1.896,0.9826812744140625,0.0817108154296875,0.0670013427734375
1.91,0.9834136962890625,0.0932769775390625,0.0842742919921875
1.929,0.99078369140625,0.09368896484375,0.0886993408203125
1.949,0.9953460693359375,0.0875701904296875,0.087371826171875
1.977,0.994720458984375,0.073272705078125,0.0988006591796875
1.988,0.9970245361328125,0.0612335205078125,0.1040496826171875
2.007,0.991363525390625,0.0748138427734375,0.1081390380859375
2.028,0.99212646484375,0.064453125,0.111083984375
2.06,0.9888763427734375,0.074951171875,0.1200103759765625
2.065,0.99017333984375,0.075775146484375,0.1240997314453125
2.086,1.004806518554688,0.0780792236328125,0.114288330078125
2.106,0.9733428955078125,0.1009674072265625,0.145599365234375
2.137,0.9841766357421875,0.0914459228515625,0.1477813720703125
2.144,0.9828033447265625,0.085113525390625,0.1556854248046875
2.165,0.97979736328125,0.09136962890625,0.156402587890625
2.183,0.9953155517578125,0.08770751953125,0.160675048828125
2.204,0.990570068359375,0.0924224853515625,0.1558685302734375
2.225,0.969451904296875,0.087921142578125,0.1761627197265625
2.242,0.97857666015625,0.0767974853515625,0.1841278076171875
2.262,0.9879302978515625,0.0742340087890625,0.1837158203125
2.284,0.9906005859375,0.0645751953125,0.1809844970703125
2.301,0.984588623046875,0.054779052734375,0.1766204833984375
2.321,0.998565673828125,0.0479888916015625,0.2040863037109375
2.34,0.9882354736328125,0.0409393310546875,0.19384765625
2.361,1.004913330078125,0.0416412353515625,0.19879150390625
2.378,0.9913482666015625,0.048126220703125,0.190704345703125
2.4,0.986724853515625,0.0420074462890625,0.179779052734375
2.419,0.9820404052734375,0.0276031494140625,0.1718292236328125
2.438,0.9777069091796875,0.0325927734375,0.1793975830078125
2.46,0.9882659912109375,0.053619384765625,0.18768310546875
2.479,0.9847869873046875,0.097412109375,0.1992034912109375
2.496,0.978271484375,0.118255615234375,0.196807861328125
2.517,0.963775634765625,0.131591796875,0.205810546875
2.536,0.9836273193359375,0.1053466796875,0.198516845703125
2.555,0.9970245361328125,0.10089111328125,0.2021484375
2.576,0.9834442138671875,0.0972747802734375,0.21240234375
2.596,0.96490478515625,0.0991973876953125,0.2140350341796875
2.617,0.9814910888671875,0.096435546875,0.209503173828125
2.634,0.974151611328125,0.0819854736328125,0.2141265869140625
2.655,0.9770355224609375,0.0666656494140625,0.2106170654296875
2.674,0.9738616943359375,0.0298919677734375,0.211761474609375
2.697,0.9887237548828125,0.00885009765625,0.2184600830078125
2.713,0.993011474609375,0.006561279296875,0.2196502685546875
2.732,0.9915771484375,0.008575439453125,0.208465576171875
2.751,0.9898529052734375,0.00457763671875,0.21319580078125
2.777,0.99395751953125,-0.0137481689453125,0.2192230224609375
2.791,0.9909210205078125,-0.0157928466796875,0.2066802978515625
2.81,1.001708984375,-0.015106201171875,0.199462890625
2.83,0.999542236328125,-0.00701904296875,0.1958770751953125
2.857,0.9848175048828125,0.006591796875,0.2118072509765625
2.87,0.9803314208984375,-0.0055389404296875,0.2193603515625
2.888,1.004379272460938,-0.007354736328125,0.2196197509765625
2.909,1.007034301757812,-0.014923095703125,0.22613525390625
2.938,0.981475830078125,-0.0162506103515625,0.2250213623046875
2.946,0.9794464111328125,-0.0098114013671875,0.2109527587890625
2.966,0.9804229736328125,-0.00140380859375,0.21966552734375
2.986,0.9858551025390625,0.0007781982421875,0.214935302734375
3.016,0.988555908203125,0.007965087890625,0.2164459228515625
3.025,0.984619140625,0.011962890625,0.218475341796875
3.046,0.978759765625,0.01043701171875,0.21368408203125
3.065,0.9719085693359375,0.01092529296875,0.2010040283203125
3.084,0.968414306640625,0.0063018798828125,0.1963348388671875
3.105,0.98114013671875,0.013916015625,0.188995361328125
3.124,0.994781494140625,0.0221405029296875,0.199951171875
3.142,0.969024658203125,0.0205535888671875,0.1770782470703125
3.164,0.9629364013671875,0.0108795166015625,0.1689605712890625
3.182,0.9922637939453125,0.0066070556640625,0.1681976318359375
3.201,1.020416259765625,-0.0058441162109375,0.16729736328125
3.222,1.006027221679688,-0.0105743408203125,0.1708984375
3.241,0.9702911376953125,-0.0105438232421875,0.16888427734375
3.26,0.9864349365234375,0.0111541748046875,0.16168212890625
3.28,0.9776611328125,0.0234832763671875,0.1613922119140625
3.299,0.9972381591796875,0.025909423828125,0.164398193359375
3.317,1.002227783203125,0.0507049560546875,0.1395111083984375
3.339,0.9894866943359375,0.0717926025390625,0.1498565673828125
3.358,0.969696044921875,0.0625457763671875,0.16217041015625
3.377,0.9683837890625,0.070404052734375,0.1405181884765625
3.397,0.9997711181640625,0.0804290771484375,0.14031982421875
3.418,1.013214111328125,0.0823822021484375,0.1620025634765625
3.436,0.989898681640625,0.0846710205078125,0.161651611328125
3.456,0.973419189453125,0.1016998291015625,0.154541015625
3.475,0.962921142578125,0.1158294677734375,0.1627349853515625
3.497,0.9766387939453125,0.1200408935546875,0.1472625732421875
3.515,0.9883270263671875,0.10040283203125,0.1465911865234375
3.534,0.9859619140625,0.09210205078125,0.1422119140625
3.553,0.9824066162109375,0.093719482421875,0.1446380615234375
3.578,0.9830474853515625,0.0919342041015625,0.1443939208984375
3.594,0.9759063720703125,0.095703125,0.150360107421875
3.612,0.9704437255859375,0.0950775146484375,0.162841796875
3.63,0.968170166015625,0.078826904296875,0.1789703369140625
3.657,0.9750518798828125,0.0819549560546875,0.1583404541015625
3.671,0.981475830078125,0.0596923828125,0.15472412109375
3.691,0.989715576171875,0.04052734375,0.169525146484375
3.71,1.004959106445312,0.018707275390625,0.158111572265625
3.737,1.011642456054688,-0.0113067626953125,0.1457977294921875
3.751,0.999755859375,-0.0372161865234375,0.1428680419921875
3.771,0.981842041015625,-0.056549072265625,0.1438751220703125
3.788,0.97637939453125,-0.07318115234375,0.1560516357421875
3.816,0.9729766845703125,-0.100067138671875,0.1648406982421875
3.829,0.9685821533203125,-0.1072845458984375,0.17388916015625
3.847,0.9856109619140625,-0.1027679443359375,0.1709747314453125
3.867,0.9877166748046875,-0.1035003662109375,0.1585540771484375
3.898,0.98492431640625,-0.10748291015625,0.160308837890625
3.906,0.9962158203125,-0.1256561279296875,0.1767578125
3.925,1.003997802734375,-0.1387176513671875,0.1941986083984375
3.946,0.9989776611328125,-0.1303558349609375,0.18939208984375
3.979,0.9801483154296875,-0.118438720703125,0.201690673828125
3.984,0.96942138671875,-0.108917236328125,0.2009735107421875
4.005,0.9778289794921875,-0.1032257080078125,0.208984375
4.025,0.9868316650390625,-0.1056976318359375,0.20654296875
4.045,0.997467041015625,-0.1078033447265625,0.2038726806640625
4.062,0.989410400390625,-0.1061553955078125,0.204559326171875
4.082,0.9748992919921875,-0.089752197265625,0.2052001953125
4.101,0.975433349609375,-0.08917236328125,0.19964599609375
4.121,0.971405029296875,-0.0854339599609375,0.2018890380859375
4.141,0.951202392578125,-0.088104248046875,0.1993255615234375
4.16,0.9430694580078125,-0.09832763671875,0.1988067626953125
4.179,0.9387359619140625,-0.113494873046875,0.20989990234375
4.2,0.94830322265625,-0.123382568359375,0.219635009765625
4.22,0.970062255859375,-0.139190673828125,0.20562744140625
4.238,0.9793701171875,-0.14501953125,0.212615966796875
4.258,0.9732666015625,-0.135040283203125,0.223846435546875
4.277,0.9666900634765625,-0.1171875,0.2397308349609375
4.298,0.963348388671875,-0.1020050048828125,0.235595703125
4.317,0.9552001953125,-0.0861663818359375,0.2232513427734375
4.336,0.9542236328125,-0.084259033203125,0.22833251953125
4.356,0.96502685546875,-0.0900726318359375,0.2112274169921875
4.378,0.988616943359375,-0.1114501953125,0.2156829833984375
4.395,1.009918212890625,-0.1194000244140625,0.2223358154296875
4.416,1.009353637695312,-0.075347900390625,0.219390869140625
4.434,0.9793243408203125,-0.030670166015625,0.218353271484375
4.458,0.9649505615234375,-0.01800537109375,0.21435546875
4.476,0.9721832275390625,-0.01849365234375,0.2093048095703125
4.493,0.9818267822265625,-0.0283050537109375,0.2079315185546875
4.512,0.99774169921875,-0.034149169921875,0.2271575927734375
4.536,1.011276245117188,-0.0409393310546875,0.2145233154296875
4.552,0.99224853515625,-0.0478515625,0.2100830078125
4.57,0.9753875732421875,-0.0672607421875,0.210906982421875
4.591,0.9744720458984375,-0.064056396484375,0.202880859375
4.616,0.978424072265625,-0.0528717041015625,0.1969146728515625
4.63,0.9899444580078125,-0.043914794921875,0.1978759765625
4.649,1.000152587890625,-0.0374908447265625,0.19879150390625
4.67,0.9801788330078125,-0.033233642578125,0.199493408203125
4.697,0.9846038818359375,-0.0284271240234375,0.2011260986328125
4.708,0.9986724853515625,-0.039215087890625,0.208953857421875
4.728,0.994598388671875,-0.049591064453125,0.20458984375
4.747,0.985015869140625,-0.0575103759765625,0.2132415771484375
4.777,0.9809112548828125,-0.050811767578125,0.2098846435546875
4.787,0.9910125732421875,-0.0363311767578125,0.1990814208984375
4.806,0.99713134765625,-0.025604248046875,0.210693359375
4.825,0.98779296875,-0.02752685546875,0.2184600830078125
4.857,0.9803924560546875,-0.0327911376953125,0.2127685546875
4.866,0.975128173828125,-0.02081298828125,0.2100677490234375
4.884,0.9766998291015625,-0.0175323486328125,0.21173095703125
4.904,0.97119140625,-0.0186614990234375,0.227386474609375
4.938,0.96624755859375,-0.0258941650390625,0.22113037109375
4.943,0.972503662109375,-0.0208282470703125,0.214996337890625
4.962,0.96734619140625,-0.015777587890625,0.214447021484375
4.982,0.9802703857421875,-0.012969970703125,0.220916748046875
5.002,0.9946136474609375,-0.0173797607421875,0.22406005859375
5.021,0.984344482421875,-0.0440673828125,0.22601318359375
5.041,0.96099853515625,-0.083648681640625,0.2082977294921875
5.062,0.9429779052734375,-0.0784912109375,0.1758270263671875
5.08,0.9658966064453125,-0.037841796875,0.208831787109375
5.1,1.003021240234375,-0.0087738037109375,0.2437591552734375
5.12,0.9951171875,-0.016815185546875,0.251556396484375
5.139,0.9456329345703125,-0.054840087890625,0.225677490234375
5.158,0.931304931640625,-0.0661773681640625,0.22412109375
5.178,0.9348602294921875,-0.0160369873046875,0.22021484375
5.197,0.9785308837890625,0.0060577392578125,0.2340850830078125
5.216,1.00518798828125,0.0075531005859375,0.2323150634765625
5.238,1.010055541992188,0.0068359375,0.231719970703125
5.257,0.9805755615234375,0.0067138671875,0.245361328125
5.276,0.9545440673828125,-0.001068115234375,0.2498931884765625
5.295,0.941558837890625,0.007080078125,0.246307373046875
5.316,0.9611053466796875,-0.007171630859375,0.2397918701171875
5.338,0.98455810546875,-0.01727294921875,0.2387847900390625
5.354,0.9878387451171875,-0.013763427734375,0.249359130859375
5.375,0.966644287109375,0.0027923583984375,0.2532806396484375
5.392,0.9687042236328125,-0.001739501953125,0.2558135986328125
5.417,0.963775634765625,0.0048675537109375,0.2548370361328125
5.432,0.9732513427734375,0.026214599609375,0.2683258056640625
5.452,0.9703216552734375,0.0367889404296875,0.2600555419921875
5.471,0.9660797119140625,0.037689208984375,0.2703094482421875
5.497,0.9534912109375,0.0403289794921875,0.2720947265625
5.511,0.9339141845703125,0.038604736328125,0.269927978515625
5.53,0.9487152099609375,0.0219573974609375,0.256683349609375
5.55,0.9566497802734375,0.0258941650390625,0.2685699462890625
5.577,0.9881134033203125,0.03228759765625,0.2657623291015625
5.589,0.9890289306640625,0.0196075439453125,0.2652587890625
5.609,0.974395751953125,0.0224609375,0.266143798828125
5.627,0.9790802001953125,0.038604736328125,0.27032470703125
5.658,0.983489990234375,0.0493927001953125,0.26788330078125
5.666,0.96893310546875,0.0724334716796875,0.25927734375
5.688,0.9662628173828125,0.0842742919921875,0.2537078857421875
5.707,0.96368408203125,0.105804443359375,0.251708984375
5.736,0.9707489013671875,0.106292724609375,0.249420166015625
5.745,0.9683074951171875,0.1054840087890625,0.2633056640625
5.767,0.9619598388671875,0.099029541015625,0.269805908203125
5.784,0.9697418212890625,0.0910797119140625,0.2792205810546875
5.804,0.976715087890625,0.0681610107421875,0.27288818359375
5.824,0.979095458984375,0.0497283935546875,0.2696685791015625
5.843,0.967132568359375,0.0260162353515625,0.2704925537109375
5.863,0.96563720703125,0.0225067138671875,0.2647705078125
5.882,0.9712371826171875,0.024139404296875,0.2727508544921875
5.903,0.966461181640625,0.04376220703125,0.2664642333984375
5.921,0.967254638671875,0.064300537109375,0.264434814453125
5.941,0.9702911376953125,0.08154296875,0.2597503662109375
5.961,0.9686126708984375,0.09210205078125,0.2725830078125
5.98,0.9626922607421875,0.0999755859375,0.2843017578125
6,0.9580841064453125,0.0965423583984375,0.27880859375
6.019,0.9713134765625,0.098968505859375,0.2636566162109375
6.039,0.9572601318359375,0.0721893310546875,0.2792816162109375
6.058,0.9606170654296875,0.0606689453125,0.270172119140625
6.078,0.9691162109375,0.0625457763671875,0.268829345703125
6.098,0.965576171875,0.0783233642578125,0.26861572265625
6.118,0.9642791748046875,0.0948944091796875,0.2744903564453125
6.138,0.980621337890625,0.111297607421875,0.26763916015625
6.155,0.97955322265625,0.122589111328125,0.28399658203125
6.176,0.9592742919921875,0.1204071044921875,0.289764404296875
6.196,0.9492034912109375,0.1204376220703125,0.2835540771484375
6.218,0.9510040283203125,0.1169586181640625,0.281280517578125
6.234,0.9643096923828125,0.116943359375,0.279541015625
6.256,0.9623870849609375,0.1240692138671875,0.2718963623046875
6.274,0.96270751953125,0.1163787841796875,0.26275634765625
6.297,0.96124267578125,0.1048126220703125,0.268310546875
6.313,0.967620849609375,0.081085205078125,0.2716217041015625
6.332,0.977203369140625,0.046661376953125,0.268707275390625
6.354,0.9743804931640625,0.02496337890625,0.267486572265625
6.377,0.968048095703125,0.023345947265625,0.2678680419921875
6.391,0.9658966064453125,0.0330352783203125,0.2819061279296875
6.413,0.96002197265625,0.0458831787109375,0.2669525146484375
6.43,0.9623565673828125,0.09100341796875,0.259796142578125
6.458,0.958587646484375,0.1412200927734375,0.2621307373046875
6.472,0.9789886474609375,0.1487274169921875,0.2563629150390625
6.489,0.9982147216796875,0.1111602783203125,0.28521728515625
6.508,0.9809722900390625,0.0533447265625,0.303436279296875
6.538,0.9725341796875,0.0127410888671875,0.2980194091796875
6.547,0.9724884033203125,0.0087127685546875,0.28106689453125
6.567,0.9652557373046875,0.0155029296875,0.28094482421875
6.587,0.96148681640625,0.0316009521484375,0.283599853515625
6.617,0.9502716064453125,0.033111572265625,0.288604736328125
6.626,0.952484130859375,0.0177001953125,0.28790283203125
6.646,0.9699249267578125,0.012786865234375,0.2742919921875
6.666,0.9706878662109375,0.0185394287109375,0.2781829833984375
6.684,0.9668731689453125,0.0298309326171875,0.262664794921875
6.704,0.9561004638671875,0.0408172607421875,0.2543182373046875
6.724,0.953704833984375,0.0463104248046875,0.2541961669921875
6.743,0.955078125,0.0522308349609375,0.2483673095703125
6.762,0.964111328125,0.0448760986328125,0.259552001953125
6.782,0.9639434814453125,0.03802490234375,0.263824462890625
6.802,0.9750213623046875,0.03863525390625,0.2666778564453125
6.821,0.9793243408203125,0.060821533203125,0.2680511474609375
6.841,0.9730224609375,0.0809326171875,0.2605743408203125
6.862,0.9589385986328125,0.08367919921875,0.2480316162109375
6.884,0.95123291015625,0.0645904541015625,0.248992919921875
6.9,0.9556121826171875,0.0480804443359375,0.230224609375
6.921,0.971771240234375,0.03936767578125,0.2327117919921875
6.939,0.9714813232421875,0.0472259521484375,0.234954833984375
6.959,0.9789276123046875,0.065185546875,0.2271575927734375
6.979,0.9901885986328125,0.071044921875,0.2392425537109375
6.998,0.9866943359375,0.0823822021484375,0.248809814453125
7.018,0.9982147216796875,0.098052978515625,0.2286376953125
7.036,0.9631805419921875,0.10357666015625,0.2523345947265625
7.058,0.9737548828125,0.102020263671875,0.2321624755859375
7.076,0.9742584228515625,0.0927734375,0.2197723388671875
7.098,0.9713592529296875,0.088134765625,0.21173095703125
7.114,0.9615936279296875,0.1001739501953125,0.2126617431640625
7.134,0.9802398681640625,0.0951385498046875,0.221466064453125
7.154,0.966644287109375,0.0809478759765625,0.231658935546875
7.177,0.9423675537109375,0.0715179443359375,0.2280731201171875
7.193,0.9465789794921875,0.0477142333984375,0.238006591796875
7.213,0.9753875732421875,0.0071563720703125,0.2421112060546875
7.232,0.9995880126953125,-0.0166778564453125,0.221588134765625
7.257,0.9988250732421875,-0.027557373046875,0.227081298828125
7.273,0.988128662109375,-0.0225830078125,0.2229461669921875
7.292,0.9688873291015625,-0.020721435546875,0.2161407470703125
7.312,0.9681549072265625,-0.0316162109375,0.22088623046875
7.337,0.9789276123046875,-0.0594024658203125,0.228485107421875
7.35,0.9944000244140625,-0.06378173828125,0.2167816162109375
7.369,0.9895477294921875,-0.0537109375,0.2127685546875
7.389,0.98089599609375,-0.067779541015625,0.217498779296875
7.416,0.9756927490234375,-0.0699005126953125,0.22381591796875
7.428,0.969879150390625,-0.0546417236328125,0.220855712890625
7.448,0.9615936279296875,-0.04742431640625,0.2076416015625
7.467,0.94915771484375,-0.065216064453125,0.208892822265625
7.497,0.9559478759765625,-0.0906982421875,0.2021331787109375
7.507,0.9673614501953125,-0.1018829345703125,0.20867919921875
7.526,0.9676971435546875,-0.1002960205078125,0.226715087890625
7.545,0.972503662109375,-0.0870208740234375,0.229461669921875
7.577,0.979278564453125,-0.067047119140625,0.2287750244140625
7.584,0.98455810546875,-0.0719757080078125,0.2323455810546875
7.604,0.979949951171875,-0.0630645751953125,0.2387237548828125
7.624,0.973297119140625,-0.058807373046875,0.256927490234375
7.644,0.936920166015625,-0.0509033203125,0.2645111083984375
7.663,0.93670654296875,-0.0445404052734375,0.23876953125
7.682,0.957366943359375,-0.0442657470703125,0.2409515380859375
7.703,0.9795074462890625,-0.03021240234375,0.24737548828125
7.737,0.9828948974609375,-0.021453857421875,0.26336669921875
7.742,0.9766998291015625,-0.0175933837890625,0.2563018798828125
7.763,0.98089599609375,-0.021148681640625,0.24420166015625
7.783,0.97735595703125,-0.026763916015625,0.2433013916015625
7.8,0.9698944091796875,-0.0329742431640625,0.240478515625
7.823,0.970123291015625,-0.051849365234375,0.24493408203125
7.839,0.9689178466796875,-0.063140869140625,0.232421875
7.858,0.9644927978515625,-0.09014892578125,0.2200164794921875
7.878,0.96282958984375,-0.1019134521484375,0.21893310546875
7.899,0.969085693359375,-0.119384765625,0.2362518310546875
7.917,0.9810791015625,-0.1236572265625,0.2366943359375
7.938,0.985687255859375,-0.12591552734375,0.239227294921875
7.958,0.9768524169921875,-0.129730224609375,0.2370452880859375
7.978,0.9645538330078125,-0.1132049560546875,0.236541748046875
7.996,0.963958740234375,-0.0847015380859375,0.233917236328125
8.017,0.9708709716796875,-0.06207275390625,0.229766845703125
8.034,0.968841552734375,-0.036590576171875,0.23388671875
8.056,0.975250244140625,-0.0274658203125,0.2407684326171875
8.077,0.99127197265625,-0.0211181640625,0.228912353515625
8.093,0.9893951416015625,-0.0178985595703125,0.218902587890625
8.113,0.9783172607421875,-0.025360107421875,0.222320556640625
8.137,0.9890289306640625,-0.0294189453125,0.2367706298828125
8.153,0.983367919921875,-0.0352935791015625,0.2535858154296875
8.171,0.9740142822265625,-0.041473388671875,0.2466888427734375
8.191,0.9794464111328125,-0.05108642578125,0.240081787109375
8.216,0.9744415283203125,-0.0511627197265625,0.24224853515625
8.23,0.96624755859375,-0.0570526123046875,0.2441253662109375
8.25,0.9660186767578125,-0.0648956298828125,0.2437896728515625
8.271,0.9720916748046875,-0.0743865966796875,0.2435150146484375
8.297,0.974151611328125,-0.08087158203125,0.244293212890625
8.309,0.9840850830078125,-0.0773162841796875,0.23480224609375
8.328,0.9856414794921875,-0.067626953125,0.235321044921875
8.349,0.97186279296875,-0.05511474609375,0.2448883056640625
8.377,0.9610748291015625,-0.0296173095703125,0.24774169921875
8.386,0.9587249755859375,-0.0157623291015625,0.248321533203125
8.409,0.959747314453125,-0.0060272216796875,0.240325927734375
8.425,0.9788818359375,0.0083160400390625,0.247467041015625
8.457,1.014404296875,0.00372314453125,0.2673492431640625
8.465,1.000350952148438,-0.0053253173828125,0.252838134765625
8.484,0.95733642578125,-0.01739501953125,0.241912841796875
8.504,0.934539794921875,-0.02276611328125,0.2311553955078125
8.524,0.9284820556640625,-0.020782470703125,0.2256622314453125
8.543,0.94915771484375,-0.0180511474609375,0.249603271484375
8.563,0.9788360595703125,-0.0170135498046875,0.26519775390625
8.583,0.99169921875,-0.0092010498046875,0.264556884765625
8.617,0.9902801513671875,-0.0130615234375,0.265625
8.623,0.95684814453125,-0.0183868408203125,0.2578582763671875
8.64,0.9558258056640625,-0.0406494140625,0.2210693359375
8.659,0.9770965576171875,-0.05206298828125,0.224365234375
8.682,1.019012451171875,-0.0563201904296875,0.2587738037109375
8.7,1.001556396484375,-0.048126220703125,0.2358551025390625
8.72,0.984130859375,-0.07257080078125,0.2119293212890625
8.739,0.9925689697265625,-0.118560791015625,0.1796875
8.759,0.9761505126953125,-0.1125946044921875,0.1797943115234375
8.78,0.9288482666015625,-0.112579345703125,0.1953125
8.798,0.8955078125,-0.109283447265625,0.1909942626953125
8.817,0.9106597900390625,-0.091949462890625,0.206817626953125
8.837,0.932464599609375,-0.0792083740234375,0.205078125
8.857,0.94854736328125,-0.082855224609375,0.1835784912109375
8.876,1.007110595703125,-0.068695068359375,0.1994171142578125
8.896,1.057754516601562,-0.019989013671875,0.2441253662109375
8.915,1.046783447265625,0.059326171875,0.26654052734375
8.938,1.0406494140625,0.113861083984375,0.2791900634765625
8.953,1.020614624023438,0.13665771484375,0.2840118408203125
8.975,0.95361328125,0.144989013671875,0.254364013671875
8.994,0.8971710205078125,0.1314544677734375,0.235992431640625
9.017,0.91802978515625,0.10565185546875,0.2315216064453125
9.033,0.9712371826171875,0.08660888671875,0.223236083984375
9.053,0.9933013916015625,0.033355712890625,0.22650146484375
9.072,0.98052978515625,-0.014404296875,0.210052490234375
9.098,0.9738311767578125,-0.048492431640625,0.205535888671875
9.11,0.9718170166015625,-0.0721435546875,0.2212677001953125
9.13,0.9574737548828125,-0.0494537353515625,0.2020721435546875
9.149,0.9563751220703125,-0.0123138427734375,0.2238311767578125
9.177,0.9610748291015625,0.0037689208984375,0.231689453125
9.189,0.9721832275390625,0.0055389404296875,0.2386627197265625
9.209,0.97528076171875,0.02911376953125,0.2357635498046875
9.23,0.990325927734375,0.0687103271484375,0.2299041748046875
9.257,0.992767333984375,0.104278564453125,0.241912841796875
9.268,0.9802398681640625,0.130126953125,0.2513275146484375
9.287,0.966522216796875,0.146331787109375,0.255645751953125
9.309,0.966949462890625,0.1446990966796875,0.2544708251953125
9.337,0.966949462890625,0.135589599609375,0.249847412109375
9.346,0.9579315185546875,0.1254119873046875,0.242218017578125
9.366,0.964385986328125,0.1204376220703125,0.2545623779296875
9.385,0.9778900146484375,0.11492919921875,0.2683258056640625
9.418,0.974884033203125,0.1129302978515625,0.272613525390625
9.425,0.9654998779296875,0.1265716552734375,0.2762603759765625
9.444,0.952789306640625,0.12103271484375,0.2673187255859375
9.463,0.968048095703125,0.1080474853515625,0.2693328857421875
9.484,0.9744110107421875,0.0987091064453125,0.270263671875
9.503,0.96905517578125,0.0955963134765625,0.2566375732421875
9.522,0.9603729248046875,0.0976104736328125,0.249847412109375
9.542,0.9542083740234375,0.1168060302734375,0.248321533203125
9.561,0.955413818359375,0.1221466064453125,0.2499237060546875
9.581,0.9586639404296875,0.1406097412109375,0.249237060546875
9.6,0.9572601318359375,0.129425048828125,0.257965087890625
9.621,0.959991455078125,0.119171142578125,0.259918212890625
9.641,0.96270751953125,0.105621337890625,0.2588653564453125
9.659,0.966461181640625,0.097808837890625,0.2580718994140625
9.679,0.9705047607421875,0.0932464599609375,0.2588653564453125
9.699,0.9762420654296875,0.10296630859375,0.2641754150390625
9.717,0.9542694091796875,0.0977020263671875,0.2750701904296875
9.738,0.9580535888671875,0.0947265625,0.26080322265625
9.758,0.967071533203125,0.099578857421875,0.2696533203125
9.776,0.9636383056640625,0.1081695556640625,0.2746429443359375
9.795,0.9592132568359375,0.1013946533203125,0.28045654296875
9.817,0.9675750732421875,0.094268798828125,0.27679443359375
9.835,0.9726409912109375,0.107635498046875,0.284332275390625
9.854,0.972625732421875,0.11126708984375,0.2850189208984375
9.875,0.944183349609375,0.1102294921875,0.2959136962890625
9.898,0.9386138916015625,0.0778350830078125,0.2889251708984375
9.913,0.9507598876953125,0.0320892333984375,0.28955078125
9.933,0.9644927978515625,0.0167999267578125,0.2910308837890625
9.955,0.9667816162109375,0.0236358642578125,0.2950897216796875
9.977,0.96185302734375,0.0471038818359375,0.293487548828125
9.992,0.96942138671875,0.06536865234375,0.309539794921875
10.011,0.97540283203125,0.0461883544921875,0.305633544921875
10.03,0.975189208984375,0.0254669189453125,0.3003082275390625
10.057,0.96142578125,0.01995849609375,0.297271728515625
10.07,0.96014404296875,0.023193359375,0.2978973388671875
10.09,0.96209716796875,0.031280517578125,0.2935791015625
10.109,0.954437255859375,0.0262908935546875,0.3002777099609375
10.137,0.9558868408203125,0.02276611328125,0.30609130859375
10.149,0.963348388671875,0.020599365234375,0.30670166015625
10.168,0.973236083984375,0.0240478515625,0.3092193603515625
10.187,0.9717864990234375,0.0273895263671875,0.316986083984375
10.216,0.963836669921875,0.033447265625,0.30487060546875
10.227,0.9619293212890625,0.03814697265625,0.2960205078125
10.245,0.9660797119140625,0.048492431640625,0.2981109619140625
10.266,0.9648895263671875,0.0523223876953125,0.294036865234375
10.297,0.9658355712890625,0.0434722900390625,0.2855377197265625
10.304,0.9629669189453125,0.0538787841796875,0.2877960205078125
10.324,0.9597625732421875,0.05291748046875,0.289581298828125
10.344,0.9553680419921875,0.0463714599609375,0.276947021484375
10.364,0.9491119384765625,0.052734375,0.3048858642578125
10.382,0.956634521484375,0.0563201904296875,0.2855224609375
10.402,0.967529296875,0.0557403564453125,0.275787353515625
10.422,0.9641571044921875,0.045074462890625,0.2771759033203125
10.441,0.961669921875,0.0331573486328125,0.2861328125
10.461,0.970062255859375,0.0188446044921875,0.2858428955078125
10.48,0.988372802734375,0.01959228515625,0.293121337890625
10.5,0.9815216064453125,0.0481109619140625,0.3010101318359375
10.52,0.970458984375,0.0639495849609375,0.2809600830078125
10.541,0.9626922607421875,0.072601318359375,0.2685546875
10.559,0.9678497314453125,0.0545501708984375,0.264373779296875
10.58,0.9649505615234375,0.03936767578125,0.263946533203125
10.601,0.967071533203125,0.0435638427734375,0.2666778564453125
10.618,0.9644927978515625,0.0562591552734375,0.267913818359375
10.639,0.9575347900390625,0.0640869140625,0.2719879150390625
10.659,0.9681243896484375,0.0701751708984375,0.258453369140625
10.676,0.9675140380859375,0.0617828369140625,0.2483367919921875
10.696,0.9665374755859375,0.0494384765625,0.2381591796875
10.717,0.9696807861328125,0.0231475830078125,0.242218017578125
10.735,0.9731903076171875,0.027587890625,0.23370361328125
10.754,0.9763031005859375,0.0347747802734375,0.2353515625
10.777,0.9771575927734375,0.057373046875,0.2307891845703125
10.795,0.9712371826171875,0.0647430419921875,0.226654052734375
10.815,0.9697723388671875,0.067352294921875,0.233489990234375
10.832,0.9735870361328125,0.0338592529296875,0.222503662109375
10.857,0.977508544921875,0.0231781005859375,0.2228240966796875
10.872,0.9734344482421875,0.0354156494140625,0.2280731201171875
10.892,0.972747802734375,0.0630645751953125,0.2259063720703125
10.911,0.970428466796875,0.0806732177734375,0.21502685546875
10.938,0.96759033203125,0.0970306396484375,0.211181640625
10.95,0.969818115234375,0.1150054931640625,0.214935302734375
10.97,0.97210693359375,0.126220703125,0.2046356201171875
10.99,0.9750213623046875,0.10382080078125,0.2010498046875
11.017,0.9643402099609375,0.0773468017578125,0.200897216796875
11.028,0.961029052734375,0.074066162109375,0.1947479248046875
11.049,0.9737396240234375,0.0811614990234375,0.20135498046875
11.067,0.9779052734375,0.0663299560546875,0.2118988037109375
11.099,0.9772186279296875,0.0647125244140625,0.2098388671875
11.109,0.9799652099609375,0.0393524169921875,0.215484619140625
11.127,0.9781646728515625,0.023681640625,0.228271484375
11.145,0.9839630126953125,0.0120391845703125,0.2154693603515625
11.179,1.002960205078125,0.0010986328125,0.1938018798828125
11.186,1.007659912109375,-0.0223388671875,0.1939697265625
11.205,0.998626708984375,-0.0433502197265625,0.186614990234375
11.225,0.9766693115234375,-0.0394744873046875,0.1696624755859375
11.259,0.973419189453125,-0.03082275390625,0.1785125732421875
11.264,0.9886932373046875,-0.02764892578125,0.1873321533203125
11.284,0.98516845703125,-0.0567626953125,0.1878814697265625
11.303,0.9657135009765625,-0.088470458984375,0.1912078857421875
11.324,0.9680633544921875,-0.0828704833984375,0.181915283203125
11.343,1.000823974609375,-0.0628204345703125,0.1812591552734375
11.362,0.9970245361328125,-0.0626068115234375,0.179656982421875
11.38,0.97393798828125,-0.0808868408203125,0.1851043701171875
11.401,0.9778900146484375,-0.08941650390625,0.1850433349609375
11.42,0.987701416015625,-0.09564208984375,0.186859130859375
11.44,0.9932098388671875,-0.0890350341796875,0.187469482421875
11.458,0.988800048828125,-0.083770751953125,0.19329833984375
11.479,0.96923828125,-0.08087158203125,0.185302734375
11.499,0.9600372314453125,-0.0774993896484375,0.1858978271484375
11.518,0.967559814453125,-0.0594940185546875,0.18316650390625
11.538,0.9742584228515625,-0.0391082763671875,0.1970367431640625
11.557,0.9700775146484375,-0.0258026123046875,0.2073974609375
11.578,0.9694671630859375,-0.02789306640625,0.2086029052734375
11.596,0.983428955078125,-0.0299224853515625,0.19757080078125
11.616,0.9838714599609375,-0.0178070068359375,0.206268310546875
11.636,0.971466064453125,-0.01763916015625,0.208343505859375
11.657,0.9706878662109375,-0.0174713134765625,0.20562744140625
11.675,0.9711761474609375,-0.01702880859375,0.2128753662109375
11.695,0.97723388671875,-0.0198211669921875,0.221343994140625
11.714,0.9783935546875,-0.0238494873046875,0.232940673828125
11.737,0.9777679443359375,-0.032623291015625,0.2187347412109375
11.753,0.986602783203125,-0.01922607421875,0.2047576904296875
11.772,0.984344482421875,-0.024169921875,0.1975555419921875
11.792,0.982086181640625,-0.0354156494140625,0.2114105224609375
11.817,0.9826202392578125,-0.031982421875,0.22564697265625
11.832,0.982513427734375,-0.0175018310546875,0.2216949462890625
11.851,0.9879302978515625,-0.0208282470703125,0.194366455078125
11.87,0.9901123046875,-0.024566650390625,0.1945343017578125
11.897,0.9882659912109375,-0.040069580078125,0.1956329345703125
11.909,0.975982666015625,-0.0480804443359375,0.210540771484375
11.929,0.960296630859375,-0.06219482421875,0.2032012939453125
11.948,0.9673004150390625,-0.059234619140625,0.183441162109375
11.978,0.9571380615234375,-0.0557098388671875,0.195343017578125
11.988,0.9656219482421875,-0.054901123046875,0.2239532470703125
12.009,1.002166748046875,-0.0454254150390625,0.227569580078125
12.028,0.9991912841796875,-0.054534912109375,0.216583251953125
12.057,0.9735260009765625,-0.06219482421875,0.2127685546875
12.069,0.9660797119140625,-0.0521240234375,0.224700927734375
12.086,0.985137939453125,-0.041473388671875,0.243896484375
12.105,0.986083984375,-0.0355377197265625,0.2335357666015625
12.137,0.972503662109375,-0.0479736328125,0.2267608642578125
12.147,0.960052490234375,-0.06146240234375,0.22393798828125
12.164,0.961090087890625,-0.058746337890625,0.22247314453125
12.183,0.9734344482421875,-0.042205810546875,0.226226806640625
12.204,0.984649658203125,-0.0310211181640625,0.24578857421875
12.222,0.9940948486328125,-0.025665283203125,0.2478485107421875
12.242,0.98583984375,-0.0250244140625,0.2414093017578125
12.263,0.9644317626953125,-0.0193634033203125,0.2183380126953125
12.281,0.9752960205078125,-0.01806640625,0.21533203125
12.301,1.000885009765625,-0.011688232421875,0.2313079833984375
12.32,0.98046875,-0.0092620849609375,0.228759765625
12.341,0.957061767578125,-0.0117034912109375,0.2190704345703125
12.359,0.9568634033203125,-0.0010986328125,0.2304840087890625
12.379,0.9947967529296875,-0.008697509765625,0.237152099609375
12.399,1.02130126953125,-0.018341064453125,0.2167205810546875
12.418,0.999420166015625,-0.038909912109375,0.2135162353515625
12.439,0.96929931640625,-0.04296875,0.212493896484375
12.459,0.9647064208984375,-0.0222930908203125,0.2170562744140625
12.477,0.9788818359375,-0.011993408203125,0.2222137451171875
12.496,0.9875030517578125,-0.0110626220703125,0.221466064453125
12.517,0.96600341796875,-0.0170745849609375,0.2157745361328125
12.537,0.9603271484375,-0.0366973876953125,0.203643798828125
12.555,0.9704742431640625,-0.041717529296875,0.1975250244140625
12.576,0.983551025390625,-0.0310821533203125,0.1893310546875
12.594,0.9897003173828125,-0.017181396484375,0.1903228759765625
12.617,0.9796142578125,-0.0162200927734375,0.1911163330078125
12.633,0.9801483154296875,-0.01739501953125,0.192138671875
12.653,0.9691925048828125,-0.0150604248046875,0.19586181640625
12.675,0.9580535888671875,0.010406494140625,0.1963958740234375
12.698,0.9635772705078125,0.0357208251953125,0.1941375732421875
12.712,0.98907470703125,0.0787353515625,0.182098388671875
12.731,1.027938842773438,0.08941650390625,0.186859130859375
12.751,1.030364990234375,0.067138671875,0.1999359130859375
12.777,0.9969635009765625,0.0229339599609375,0.1837921142578125
12.792,0.964752197265625,-0.01104736328125,0.15338134765625
12.81,0.9508819580078125,-0.0169525146484375,0.1519622802734375
12.829,0.9659271240234375,-0.016998291015625,0.1767120361328125
12.856,0.9808349609375,-0.00885009765625,0.16851806640625
12.868,0.992919921875,-0.0178680419921875,0.1824951171875
12.888,0.9714813232421875,-0.0240478515625,0.1952667236328125
12.907,0.9652557373046875,-0.035430908203125,0.1890411376953125
12.936,0.986053466796875,-0.0235443115234375,0.1895599365234375
12.947,0.9998321533203125,-0.0155487060546875,0.183441162109375
12.966,0.9882049560546875,0.001129150390625,0.178375244140625
12.986,0.9787750244140625,0.007049560546875,0.16748046875
13.018,0.982177734375,-0.0047149658203125,0.1703338623046875
13.025,0.9884033203125,-0.0069427490234375,0.17156982421875
13.046,0.9856414794921875,-0.006103515625,0.17291259765625
13.063,0.97930908203125,-0.00146484375,0.1768646240234375
13.084,0.977203369140625,-0.0025177001953125,0.17364501953125
13.103,0.98931884765625,-0.005401611328125,0.172271728515625
13.123,0.992706298828125,-0.005279541015625,0.1812896728515625
13.142,0.9714813232421875,0.0085906982421875,0.191253662109375
13.162,0.9582672119140625,0.020416259765625,0.196868896484375
13.182,0.96417236328125,0.022064208984375,0.2000274658203125
13.201,0.9764862060546875,0.025909423828125,0.19500732421875
13.22,0.974334716796875,0.026092529296875,0.209136962890625
13.241,0.9775848388671875,0.028411865234375,0.2011871337890625
13.26,0.977020263671875,0.02032470703125,0.20745849609375
13.281,0.989593505859375,0.014495849609375,0.2097015380859375
13.292,0.998260498046875,0.023040771484375,0.2044219970703125
13.311,0.98663330078125,0.0498809814453125,0.2121429443359375
13.34,0.9752044677734375,0.0670928955078125,0.2237091064453125
13.35,0.980194091796875,0.082122802734375,0.2226104736328125
13.37,0.99169921875,0.0887908935546875,0.2164306640625
13.389,0.9944305419921875,0.09075927734375,0.2381134033203125
13.417,0.9787750244140625,0.096435546875,0.233062744140625
13.428,0.964599609375,0.1083831787109375,0.234283447265625
13.448,0.9642181396484375,0.1219024658203125,0.23602294921875
13.468,0.972076416015625,0.1272735595703125,0.240875244140625
13.497,0.9704132080078125,0.123504638671875,0.246246337890625
13.507,0.9598541259765625,0.120269775390625,0.237945556640625
13.527,0.9611663818359375,0.135772705078125,0.2445526123046875
13.547,0.96063232421875,0.1491546630859375,0.255950927734375
13.577,0.9597930908203125,0.149169921875,0.2598419189453125
13.585,0.9554901123046875,0.143798828125,0.26397705078125
13.604,0.961212158203125,0.1426239013671875,0.264129638671875
13.624,0.9674530029296875,0.1464691162109375,0.2659912109375
13.657,0.9603118896484375,0.136993408203125,0.277923583984375
13.662,0.9510345458984375,0.1431121826171875,0.29248046875
13.683,0.9571990966796875,0.1357879638671875,0.2933349609375
13.703,0.968658447265625,0.1410675048828125,0.2916259765625
13.722,0.962799072265625,0.1436004638671875,0.2926483154296875
13.742,0.938568115234375,0.135711669921875,0.2901763916015625
13.761,0.9417266845703125,0.1237335205078125,0.29217529296875
13.782,0.943634033203125,0.116943359375,0.2821807861328125
13.8,0.9510955810546875,0.1206207275390625,0.2794647216796875
13.82,0.967803955078125,0.1157073974609375,0.30242919921875
13.84,0.9681549072265625,0.1101226806640625,0.2860870361328125
13.859,0.96954345703125,0.0986328125,0.298919677734375
13.879,0.9596099853515625,0.0923614501953125,0.29583740234375
13.898,0.969207763671875,0.096282958984375,0.303985595703125
13.917,0.94976806640625,0.0931243896484375,0.315704345703125
13.937,0.954376220703125,0.0960693359375,0.2962188720703125
13.957,0.9577789306640625,0.099609375,0.2772369384765625
13.978,0.949981689453125,0.09539794921875,0.28460693359375
13.996,0.939117431640625,0.088043212890625,0.286376953125
14.015,0.9475555419921875,0.07794189453125,0.2860107421875
14.035,0.963958740234375,0.0670318603515625,0.28228759765625
14.057,0.98046875,0.0708770751953125,0.284423828125
14.075,0.984954833984375,0.07696533203125,0.2869415283203125
14.093,0.9680938720703125,0.086029052734375,0.2820587158203125
14.115,0.9586029052734375,0.0909576416015625,0.2879180908203125
14.137,0.9585723876953125,0.0949859619140625,0.296142578125
14.152,0.96490478515625,0.10711669921875,0.28851318359375
14.173,0.968658447265625,0.1267242431640625,0.291839599609375
14.192,0.958648681640625,0.1317291259765625,0.290802001953125
14.218,0.9520111083984375,0.1268768310546875,0.2783660888671875
14.233,0.9594573974609375,0.10992431640625,0.286346435546875
14.251,0.96319580078125,0.100921630859375,0.287078857421875
14.27,0.965240478515625,0.1034088134765625,0.284271240234375
14.298,0.9646148681640625,0.1026763916015625,0.2930908203125
14.309,0.968841552734375,0.0908660888671875,0.29193115234375
14.329,0.9747772216796875,0.068450927734375,0.29827880859375
14.349,0.9747772216796875,0.0519256591796875,0.2935638427734375
14.376,0.9701080322265625,0.0563507080078125,0.292633056640625
14.387,0.9623870849609375,0.0576019287109375,0.2942962646484375
14.408,0.947113037109375,0.0629425048828125,0.2953338623046875
14.428,0.958343505859375,0.0686798095703125,0.2917633056640625
14.457,0.964813232421875,0.0659942626953125,0.2964935302734375
14.467,0.9769744873046875,0.073028564453125,0.2910614013671875
14.486,0.9745635986328125,0.0671234130859375,0.291046142578125
14.504,0.9664306640625,0.0556793212890625,0.290496826171875
14.537,0.96240234375,0.0512847900390625,0.2824859619140625
14.544,0.9671173095703125,0.05401611328125,0.2772979736328125
14.563,0.9623260498046875,0.0531005859375,0.2775115966796875
14.583,0.9588775634765625,0.0525970458984375,0.282470703125
14.617,0.959136962890625,0.051361083984375,0.28460693359375
14.624,0.962615966796875,0.0507659912109375,0.28387451171875
14.643,0.9652862548828125,0.05792236328125,0.2788848876953125
14.664,0.96087646484375,0.050323486328125,0.2799835205078125
14.684,0.964569091796875,0.0372314453125,0.2858123779296875
14.702,0.966827392578125,0.02978515625,0.2843475341796875
14.723,0.964874267578125,0.0489501953125,0.27923583984375
14.743,0.959136962890625,0.0644378662109375,0.272491455078125
14.761,0.95025634765625,0.0469207763671875,0.2554779052734375
14.781,0.9589385986328125,0.0390472412109375,0.25897216796875
14.801,0.977569580078125,0.0227508544921875,0.2585601806640625
14.82,0.97003173828125,0.0420989990234375,0.25579833984375
14.839,0.950775146484375,0.0553131103515625,0.260833740234375
14.86,0.944549560546875,0.0719757080078125,0.2686920166015625
14.879,0.955780029296875,0.0687408447265625,0.28131103515625
14.898,0.9738311767578125,0.0814666748046875,0.2763671875
14.918,0.9776153564453125,0.09942626953125,0.270904541015625
14.938,0.974761962890625,0.0821990966796875,0.2594757080078125
14.956,0.98284912109375,0.09649658203125,0.25244140625
14.977,0.983856201171875,0.092529296875,0.2497406005859375
14.999,0.9708099365234375,0.0855255126953125,0.24560546875
15.018,0.9561920166015625,0.06207275390625,0.2436676025390625
15.035,0.9673004150390625,0.0483245849609375,0.258697509765625
15.055,0.97406005859375,0.0284423828125,0.2488555908203125
15.074,0.971893310546875,0.0185699462890625,0.242095947265625
15.098,0.9798126220703125,0.015716552734375,0.2411041259765625
15.114,0.974822998046875,0.0217437744140625,0.24078369140625
15.133,0.9665679931640625,0.02130126953125,0.242767333984375
15.153,0.964141845703125,0.0240478515625,0.23907470703125
15.178,0.9632568359375,0.03582763671875,0.2383880615234375
15.193,0.96270751953125,0.0358428955078125,0.2430572509765625
15.211,0.9609375,0.0482177734375,0.2465972900390625
15.231,0.961669921875,0.0406494140625,0.2398834228515625
15.258,0.96697998046875,0.07958984375,0.2138519287109375
15.269,1.006362915039062,0.0852508544921875,0.2127838134765625
15.29,1.008895874023438,0.0942535400390625,0.22418212890625
15.309,0.9698638916015625,0.0806427001953125,0.22021484375
15.337,0.97174072265625,0.060546875,0.2189788818359375
15.349,0.9930267333984375,0.055450439453125,0.2209014892578125
15.369,0.984283447265625,0.02569580078125,0.2261810302734375
15.388,0.991790771484375,0.0059051513671875,0.2205352783203125
15.417,0.991912841796875,-0.0138397216796875,0.22283935546875
15.426,0.96990966796875,-0.0340118408203125,0.2253875732421875
15.446,0.9698638916015625,-0.0708770751953125,0.2200164794921875
15.465,0.9913482666015625,-0.1101837158203125,0.2202911376953125
15.497,0.9906768798828125,-0.12908935546875,0.1946868896484375
15.505,0.966552734375,-0.1487884521484375,0.1973114013671875
15.524,0.94219970703125,-0.1837158203125,0.1974334716796875
15.544,0.949859619140625,-0.1964111328125,0.187896728515625
15.578,0.9733123779296875,-0.18353271484375,0.188690185546875
15.585,0.971405029296875,-0.1672515869140625,0.2152862548828125
15.604,0.9658355712890625,-0.1677703857421875,0.218994140625
15.624,0.9622650146484375,-0.1729736328125,0.224456787109375
15.644,0.9734039306640625,-0.154571533203125,0.2212371826171875
15.663,0.975128173828125,-0.131317138671875,0.2218475341796875
15.682,0.975830078125,-0.1093597412109375,0.2301177978515625
15.705,0.960968017578125,-0.08880615234375,0.2338714599609375
15.722,0.9472198486328125,-0.0578765869140625,0.2452850341796875
15.741,0.961700439453125,-0.024322509765625,0.2521820068359375
15.762,0.9875640869140625,-0.0155181884765625,0.25665283203125
15.78,0.986602783203125,-0.0088958740234375,0.2651824951171875
15.8,0.9682464599609375,-0.0135650634765625,0.2613067626953125
15.82,0.9654693603515625,-0.016571044921875,0.247650146484375
15.839,0.9853363037109375,-0.015655517578125,0.2387847900390625
15.859,0.98004150390625,-0.0135040283203125,0.240081787109375
15.88,0.964813232421875,-0.0082244873046875,0.2311859130859375
15.899,0.9722747802734375,-0.0137786865234375,0.2293548583984375
15.918,0.986175537109375,-0.0194244384765625,0.21954345703125
15.938,0.99017333984375,-0.0310516357421875,0.21282958984375
15.959,0.97906494140625,-0.039031982421875,0.2151641845703125
15.977,0.9780426025390625,-0.0443115234375,0.2130126953125
15.996,0.9876861572265625,-0.057037353515625,0.2122802734375
16.017,0.9842071533203125,-0.0727386474609375,0.207672119140625
16.035,0.9763946533203125,-0.0832366943359375,0.216705322265625
16.058,0.975067138671875,-0.0843353271484375,0.23114013671875
16.075,0.97802734375,-0.089813232421875,0.22265625
16.094,0.9671478271484375,-0.0956878662109375,0.225311279296875
16.113,0.965576171875,-0.0758514404296875,0.2261199951171875
16.137,0.9727020263671875,-0.050506591796875,0.2283935546875
16.154,0.979644775390625,-0.0303497314453125,0.2310028076171875
16.17,0.976409912109375,-0.0196533203125,0.240997314453125
16.192,0.9799652099609375,-0.0172119140625,0.2393646240234375
16.218,0.98101806640625,-0.0174713134765625,0.2356719970703125
16.23,0.98150634765625,-0.0170745849609375,0.2315826416015625
16.25,0.9845733642578125,-0.0173797607421875,0.231048583984375
16.27,0.9783172607421875,-0.01544189453125,0.23590087890625
16.297,0.968780517578125,-0.014404296875,0.2436676025390625
16.309,0.974822998046875,-0.008148193359375,0.238433837890625
16.329,0.976715087890625,-0.0118865966796875,0.255096435546875
16.348,0.9722900390625,0.0012664794921875,0.2568359375
16.377,0.966552734375,0.0073089599609375,0.256744384765625
16.387,0.968536376953125,0.01727294921875,0.2577056884765625
16.407,0.97344970703125,0.0267791748046875,0.2579345703125
16.426,0.985931396484375,0.0356292724609375,0.2594146728515625
16.458,1.012283325195312,0.0247344970703125,0.2649383544921875
16.466,1.006637573242188,-0.0028533935546875,0.263092041015625
16.485,0.9754791259765625,-0.0220489501953125,0.254791259765625
16.505,0.9487762451171875,-0.035980224609375,0.2391815185546875
16.537,0.9536285400390625,-0.0378265380859375,0.238739013671875
16.544,0.9671783447265625,-0.0446929931640625,0.2483367919921875
16.563,0.964630126953125,-0.0385894775390625,0.249786376953125
16.583,0.957763671875,-0.0487213134765625,0.240692138671875
16.618,0.9632720947265625,-0.0442962646484375,0.23333740234375
16.622,0.98004150390625,-0.0500640869140625,0.2281494140625
16.642,0.9747467041015625,-0.041534423828125,0.2328033447265625
16.662,0.9508209228515625,-0.016845703125,0.2238311767578125
16.681,0.95989990234375,-0.001800537109375,0.2151336669921875
16.7,0.9901123046875,0.011322021484375,0.228485107421875
16.72,1.002456665039062,0.019927978515625,0.23394775390625
16.74,0.978240966796875,0.018768310546875,0.2253265380859375
16.759,0.9529266357421875,0.0096435546875,0.2288360595703125
16.779,0.9471588134765625,0.0176544189453125,0.2264556884765625
16.799,0.9859161376953125,0.0087127685546875,0.2359466552734375
16.818,1.010086059570312,0.0067596435546875,0.232757568359375
16.837,1.00787353515625,0.0112762451171875,0.241607666015625
16.857,0.988006591796875,0.0098724365234375,0.251739501953125
16.877,0.976165771484375,0.0022125244140625,0.2319488525390625
16.896,0.976287841796875,-0.015472412109375,0.2240142822265625
16.916,0.9874267578125,-0.016143798828125,0.2195892333984375
16.938,0.986328125,-0.01611328125,0.217315673828125
16.955,0.972412109375,-0.0123138427734375,0.2152557373046875
16.975,0.96929931640625,-0.0229339599609375,0.2152862548828125
16.995,0.9720001220703125,-0.03472900390625,0.205352783203125
17.018,0.97296142578125,-0.0391693115234375,0.18841552734375
17.033,0.9795989990234375,-0.0261077880859375,0.1953887939453125
17.054,0.9812774658203125,-0.0148468017578125,0.1989288330078125
17.073,0.9679412841796875,0.0081787109375,0.208526611328125
17.098,0.9583892822265625,0.0315093994140625,0.2129364013671875
17.112,0.961761474609375,0.057373046875,0.2128753662109375
17.131,0.9708251953125,0.067413330078125,0.2130279541015625
17.151,0.9663543701171875,0.071990966796875,0.214599609375
17.179,0.9753265380859375,0.0828094482421875,0.210357666015625
17.19,0.978851318359375,0.0795745849609375,0.212890625
17.209,0.982177734375,0.07684326171875,0.2205963134765625
17.229,0.9873504638671875,0.0807647705078125,0.2213897705078125
17.26,0.987152099609375,0.0823516845703125,0.218017578125
17.268,0.992034912109375,0.08551025390625,0.2198486328125
17.288,0.9874114990234375,0.1045379638671875,0.22265625
17.309,0.9769134521484375,0.1325531005859375,0.235595703125
17.338,0.9660186767578125,0.15771484375,0.2382659912109375
17.346,0.96575927734375,0.1545867919921875,0.235626220703125
17.366,0.9673614501953125,0.157196044921875,0.2318115234375
17.385,0.970703125,0.169097900390625,0.2407684326171875
17.418,0.9652099609375,0.1743621826171875,0.2386932373046875
17.426,0.959014892578125,0.1817626953125,0.24462890625
17.445,0.95806884765625,0.1872100830078125,0.2542877197265625
17.464,0.9530792236328125,0.1887664794921875,0.253631591796875
17.484,0.9532470703125,0.1776885986328125,0.2520751953125
17.504,0.952911376953125,0.17291259765625,0.254791259765625
17.522,0.9548187255859375,0.163055419921875,0.26263427734375
17.542,0.951446533203125,0.151763916015625,0.2714691162109375
17.562,0.9550933837890625,0.1414794921875,0.2746429443359375
17.581,0.9613037109375,0.1329803466796875,0.2648468017578125
17.6,0.9657440185546875,0.1209869384765625,0.2687225341796875
17.62,0.9609832763671875,0.1151275634765625,0.2749176025390625
17.64,0.951751708984375,0.1053619384765625,0.2815399169921875
17.659,0.95697021484375,0.0979766845703125,0.28350830078125
17.679,0.96673583984375,0.09820556640625,0.288177490234375
17.699,0.9647674560546875,0.1027984619140625,0.287750244140625
17.718,0.9562225341796875,0.100616455078125,0.293121337890625
17.738,0.952056884765625,0.0968017578125,0.300079345703125
17.757,0.948516845703125,0.1007232666015625,0.30206298828125
17.776,0.95819091796875,0.0956573486328125,0.303619384765625
17.796,0.9550018310546875,0.0925140380859375,0.3094482421875
17.817,0.9459991455078125,0.0876617431640625,0.3110809326171875
17.835,0.95306396484375,0.083709716796875,0.3076171875
17.855,0.9568023681640625,0.0896759033203125,0.310333251953125
17.875,0.9486236572265625,0.086883544921875,0.309326171875
17.898,0.9500579833984375,0.0843353271484375,0.3023834228515625
17.914,0.9591064453125,0.1021575927734375,0.2952117919921875
17.934,0.95770263671875,0.101715087890625,0.3078460693359375
17.955,0.9483489990234375,0.0919647216796875,0.3108978271484375
17.979,0.955108642578125,0.08770751953125,0.311065673828125
17.992,0.9532318115234375,0.089141845703125,0.3187713623046875
18.012,0.9533538818359375,0.10205078125,0.314788818359375
18.032,0.949920654296875,0.0987091064453125,0.304443359375
18.057,0.958709716796875,0.0879669189453125,0.3089141845703125
18.07,0.9645538330078125,0.078369140625,0.3111419677734375
18.09,0.95684814453125,0.062896728515625,0.3127593994140625
18.109,0.9390411376953125,0.0618133544921875,0.3176422119140625
18.138,0.9624176025390625,0.08575439453125,0.307708740234375
18.15,0.9530487060546875,0.0985870361328125,0.310821533203125
18.168,0.949554443359375,0.0985260009765625,0.31353759765625
18.188,0.9591827392578125,0.1040496826171875,0.30755615234375
18.218,0.968475341796875,0.100067138671875,0.3180694580078125
18.227,0.9659423828125,0.0991058349609375,0.323455810546875
18.246,0.9602813720703125,0.08758544921875,0.3152008056640625
18.265,0.9592742919921875,0.0703125,0.3062286376953125
18.296,0.96905517578125,0.067962646484375,0.300201416015625
18.305,0.964385986328125,0.06805419921875,0.3034210205078125
18.325,0.95733642578125,0.0758514404296875,0.3110504150390625
18.346,0.9501495361328125,0.071502685546875,0.3130645751953125
18.364,0.9627532958984375,0.068511962890625,0.314666748046875
18.385,0.9740753173828125,0.059173583984375,0.3115234375
18.403,0.9663238525390625,0.0580291748046875,0.321533203125
18.422,0.95428466796875,0.060211181640625,0.3270721435546875
18.442,0.946502685546875,0.054107666015625,0.32672119140625
18.462,0.9516448974609375,0.0498809814453125,0.3278045654296875
18.481,0.96405029296875,0.060943603515625,0.330963134765625
18.501,0.9635467529296875,0.07830810546875,0.3289947509765625
18.52,0.9488525390625,0.0950164794921875,0.3311309814453125
18.54,0.9344329833984375,0.0982513427734375,0.3299713134765625
18.559,0.9410858154296875,0.0919952392578125,0.3211212158203125
18.579,0.955902099609375,0.0865325927734375,0.3224639892578125
18.6,0.9502105712890625,0.0758514404296875,0.3213043212890625
18.618,0.9360809326171875,0.072174072265625,0.323486328125
18.639,0.9378509521484375,0.06231689453125,0.3201751708984375
18.658,0.94580078125,0.0628814697265625,0.3249664306640625
18.675,0.9548797607421875,0.0590972900390625,0.3236846923828125
18.697,0.955078125,0.056304931640625,0.3170013427734375
18.716,0.962249755859375,0.052276611328125,0.3104248046875
18.736,0.9709014892578125,0.056640625,0.3082733154296875
18.755,0.9560546875,0.059661865234375,0.299774169921875
18.776,0.9349517822265625,0.0684356689453125,0.2940673828125
18.795,0.929595947265625,0.08270263671875,0.2978515625
18.813,0.9355010986328125,0.0853118896484375,0.2981109619140625
18.833,0.9443359375,0.08831787109375,0.287445068359375
18.856,0.9587860107421875,0.0976409912109375,0.28643798828125
18.873,0.959075927734375,0.0955047607421875,0.285552978515625
18.892,0.9553985595703125,0.0769195556640625,0.2861480712890625
18.912,0.9603118896484375,0.0677337646484375,0.2832794189453125
18.936,0.97760009765625,0.082275390625,0.2904052734375
18.951,0.977325439453125,0.108154296875,0.2857208251953125
18.971,0.9518585205078125,0.1179656982421875,0.2806396484375
18.992,0.94879150390625,0.1244659423828125,0.2757110595703125
19.016,0.96881103515625,0.130157470703125,0.2762603759765625
19.029,0.9756317138671875,0.1262359619140625,0.2682037353515625
19.05,0.9675445556640625,0.125946044921875,0.2568206787109375
19.068,0.952301025390625,0.1048126220703125,0.25067138671875
19.097,0.9521942138671875,0.0913543701171875,0.2598114013671875
19.107,0.965301513671875,0.05670166015625,0.2693634033203125
19.126,0.97186279296875,0.0361785888671875,0.271209716796875
19.146,0.970428466796875,0.0492401123046875,0.2813720703125
19.176,0.9661407470703125,0.041351318359375,0.2686614990234375
19.186,0.9654083251953125,0.0129241943359375,0.2686004638671875
19.205,0.961700439453125,0.00079345703125,0.267486572265625
19.226,0.962738037109375,-0.0149688720703125,0.274749755859375
19.257,0.9617767333984375,-0.0170135498046875,0.2663116455078125
19.264,0.9721527099609375,-0.0145721435546875,0.2576141357421875
19.284,0.9752197265625,-0.0127105712890625,0.26605224609375
19.303,0.9597015380859375,-0.015045166015625,0.2572479248046875
19.324,0.96160888671875,-0.0114288330078125,0.2479400634765625
19.343,0.9794464111328125,-0.0096282958984375,0.2529144287109375
19.362,0.977752685546875,-0.0019989013671875,0.2561798095703125
19.381,0.957611083984375,-0.0155181884765625,0.2635955810546875
19.402,0.95550537109375,-0.019012451171875,0.268646240234375
19.421,0.973052978515625,-0.0191192626953125,0.2618408203125
19.441,0.9662628173828125,-0.0299530029296875,0.270751953125
19.46,0.9624481201171875,-0.03826904296875,0.2696685791015625
19.479,0.9748992919921875,-0.03839111328125,0.2534942626953125
19.5,0.978302001953125,-0.01739501953125,0.25274658203125
19.518,0.96453857421875,-0.01654052734375,0.260833740234375
19.538,0.9595184326171875,-0.0210113525390625,0.27264404296875
19.558,0.9590606689453125,-0.0208282470703125,0.2768402099609375
19.578,0.9761810302734375,-0.021087646484375,0.265869140625
19.597,0.9844818115234375,-0.016937255859375,0.261474609375
19.616,0.9815673828125,-0.0172119140625,0.27447509765625
19.636,0.9676971435546875,-0.0195465087890625,0.284576416015625
19.657,0.9632415771484375,-0.0395355224609375,0.2784271240234375
19.675,0.9760284423828125,-0.0639801025390625,0.26409912109375
19.695,0.9757843017578125,-0.0714569091796875,0.2741546630859375
19.714,0.9527130126953125,-0.087677001953125,0.269927978515625
19.737,0.9438629150390625,-0.1082611083984375,0.2659454345703125
19.754,0.9564361572265625,-0.1209564208984375,0.2595672607421875
19.773,0.9693756103515625,-0.127105712890625,0.2639617919921875
19.792,0.96697998046875,-0.1234130859375,0.2645263671875
19.818,0.9518585205078125,-0.13079833984375,0.2608489990234375
19.831,0.95147705078125,-0.1316375732421875,0.2549896240234375
19.851,0.94293212890625,-0.11785888671875,0.2681884765625
19.872,0.94696044921875,-0.0979766845703125,0.2730712890625
19.896,0.954925537109375,-0.102630615234375,0.2692108154296875
19.91,0.9526214599609375,-0.0902252197265625,0.2573699951171875
19.929,0.9584808349609375,-0.082122802734375,0.2700958251953125
19.951,0.9647674560546875,-0.0715789794921875,0.277191162109375
19.977,0.9661407470703125,-0.0695648193359375,0.273681640625
19.988,0.9693450927734375,-0.049652099609375,0.26934814453125
20.009,0.972198486328125,-0.0318450927734375,0.262603759765625
20.027,0.9719696044921875,-0.0183868408203125,0.26397705078125
20.056,0.97393798828125,-0.01568603515625,0.260101318359375
20.066,0.974029541015625,-0.012939453125,0.2514190673828125
20.086,0.974517822265625,-0.011077880859375,0.2514801025390625
20.106,0.972137451171875,-0.012908935546875,0.2540435791015625
20.137,0.9768829345703125,-0.0167236328125,0.2507476806640625
20.146,0.9830169677734375,-0.0218658447265625,0.2444305419921875
20.164,0.979888916015625,-0.0342254638671875,0.254974365234375
20.184,0.970001220703125,-0.045166015625,0.256591796875
20.204,0.96868896484375,-0.050994873046875,0.2541046142578125
20.222,0.96551513671875,-0.0525360107421875,0.25396728515625
20.243,0.9694976806640625,-0.05224609375,0.2625732421875
20.262,0.9749603271484375,-0.043609619140625,0.2587738037109375
20.282,0.9698333740234375,-0.03790283203125,0.263031005859375
20.301,0.96221923828125,-0.03564453125,0.258453369140625
20.321,0.9588775634765625,-0.0329742431640625,0.2592010498046875
20.342,0.9587554931640625,-0.01806640625,0.2626495361328125
20.359,0.9660186767578125,-0.011505126953125,0.264678955078125
20.379,0.9931182861328125,-0.0054779052734375,0.2834014892578125
20.4,0.9957427978515625,0.002044677734375,0.2986297607421875
20.418,0.9783782958984375,9.155273437500000E-05,0.2925567626953125
20.438,0.968841552734375,-0.0028533935546875,0.280242919921875
20.458,0.9709320068359375,-0.004638671875,0.28948974609375
20.478,0.971649169921875,-0.01416015625,0.2855987548828125
20.497,0.9605255126953125,-0.018829345703125,0.2886962890625
20.516,0.9513092041015625,-0.017486572265625,0.2978668212890625
20.538,0.9551849365234375,-0.01617431640625,0.300506591796875
20.556,0.9620513916015625,-0.0094451904296875,0.3159027099609375
20.576,0.965972900390625,0.0117034912109375,0.2991180419921875
20.597,0.9688262939453125,0.016021728515625,0.294189453125
20.618,0.9647369384765625,0.0119476318359375,0.31292724609375
20.634,0.946685791015625,0.01983642578125,0.3216094970703125
20.653,0.948394775390625,0.0084228515625,0.3259429931640625
20.673,0.9462738037109375,0.004302978515625,0.3098907470703125
20.697,0.9454498291015625,-0.003814697265625,0.325592041015625
20.712,0.9449310302734375,-0.009674072265625,0.3226470947265625
20.732,0.965301513671875,-0.00274658203125,0.3103179931640625
20.751,0.9726104736328125,-0.0189361572265625,0.2998504638671875
20.777,0.9603118896484375,-0.0405426025390625,0.2990264892578125
20.792,0.952789306640625,-0.0473785400390625,0.3034210205078125
20.81,0.9690399169921875,-0.0544891357421875,0.3003997802734375
20.829,0.969024658203125,-0.0571136474609375,0.28729248046875
20.856,0.9563751220703125,-0.0569610595703125,0.29168701171875
20.868,0.9512176513671875,-0.0442352294921875,0.286590576171875
20.888,0.9893798828125,-0.0410614013671875,0.27166748046875
20.908,1.002716064453125,-0.0200653076171875,0.2614288330078125
20.937,0.9762725830078125,-0.019256591796875,0.26031494140625
20.947,0.953765869140625,-0.0205230712890625,0.2521209716796875
20.966,0.948760986328125,-0.008575439453125,0.2557525634765625
20.987,0.919891357421875,0.028900146484375,0.26641845703125
21.016,0.89947509765625,0.0576934814453125,0.268585205078125
21.025,0.9185028076171875,0.0687103271484375,0.276214599609375
21.045,0.94720458984375,0.028717041015625,0.2757720947265625
21.064,0.9814605712890625,0.0159759521484375,0.2850494384765625
21.084,1.0198974609375,0.0257568359375,0.27838134765625
21.104,1.050643920898438,0.04144287109375,0.2875823974609375
21.124,0.9997100830078125,0.0643768310546875,0.2976531982421875
21.142,0.938201904296875,0.094268798828125,0.27880859375
21.162,0.926055908203125,0.1195526123046875,0.2838134765625
21.181,0.950164794921875,0.138763427734375,0.2600250244140625
21.201,0.9635772705078125,0.1505584716796875,0.261383056640625
21.221,0.946807861328125,0.1417388916015625,0.2860565185546875
21.241,0.94091796875,0.1405029296875,0.28643798828125
21.26,0.9537353515625,0.15362548828125,0.29473876953125
21.281,0.963592529296875,0.1605987548828125,0.28607177734375
21.303,0.95721435546875,0.1611328125,0.2914276123046875
21.32,0.9477386474609375,0.1598358154296875,0.2906341552734375
21.34,0.946075439453125,0.14678955078125,0.28375244140625
21.361,0.9413909912109375,0.142547607421875,0.293243408203125
21.379,0.945953369140625,0.1449432373046875,0.29644775390625
21.399,0.945220947265625,0.149261474609375,0.2959136962890625
21.42,0.944915771484375,0.1496124267578125,0.2960357666015625
21.438,0.9476318359375,0.15057373046875,0.2882843017578125
21.457,0.9405364990234375,0.1427154541015625,0.290740966796875
21.477,0.9444732666015625,0.1302337646484375,0.296875
21.497,0.962738037109375,0.1167755126953125,0.2933502197265625
21.516,0.9757080078125,0.1075897216796875,0.2910003662109375
21.536,0.969146728515625,0.097503662109375,0.284576416015625
21.557,0.95709228515625,0.0971527099609375,0.2783966064453125
21.578,0.952911376953125,0.0897674560546875,0.2740936279296875
21.595,0.9585418701171875,0.093231201171875,0.279693603515625
21.614,0.96044921875,0.1038970947265625,0.2778472900390625
21.634,0.9620513916015625,0.11627197265625,0.2752227783203125
21.657,0.96514892578125,0.1073150634765625,0.2729339599609375
21.673,0.96307373046875,0.0919952392578125,0.2664337158203125
21.692,0.96826171875,0.0885162353515625,0.2728729248046875
21.712,0.965667724609375,0.08734130859375,0.270355224609375
21.737,0.9655914306640625,0.095703125,0.266693115234375
21.753,0.96673583984375,0.1144561767578125,0.2652587890625
21.771,0.960601806640625,0.1387481689453125,0.267425537109375
21.791,0.9626312255859375,0.1212158203125,0.2707977294921875
21.817,0.9647064208984375,0.109771728515625,0.286712646484375
21.831,0.9578094482421875,0.1123504638671875,0.2887420654296875
21.849,0.94732666015625,0.1197662353515625,0.2847900390625
21.868,0.959686279296875,0.11932373046875,0.2833709716796875
21.896,0.96807861328125,0.1145172119140625,0.290618896484375
21.907,0.9652862548828125,0.1083221435546875,0.289306640625
21.927,0.9623565673828125,0.0989532470703125,0.2925262451171875
21.948,0.9645843505859375,0.0937042236328125,0.282012939453125
21.975,0.9669952392578125,0.0838623046875,0.2789764404296875
21.986,0.9666290283203125,0.0849609375,0.2929229736328125
22.007,0.961669921875,0.081878662109375,0.3007965087890625
22.024,0.9585418701171875,0.066070556640625,0.2990264892578125
22.057,0.965179443359375,0.05255126953125,0.31072998046875
22.064,0.9564208984375,0.035675048828125,0.3125457763671875
22.084,0.95855712890625,0.0286102294921875,0.3230438232421875
22.104,0.9517059326171875,0.0408477783203125,0.3269805908203125
22.139,0.9478759765625,0.048675537109375,0.329620361328125
22.143,0.9560546875,0.055267333984375,0.3249053955078125
22.161,0.96466064453125,0.074981689453125,0.3150787353515625
22.182,0.9636993408203125,0.0783538818359375,0.31414794921875
22.204,0.96044921875,0.0774078369140625,0.320098876953125
22.221,0.95416259765625,0.077972412109375,0.3209991455078125
22.24,0.9499359130859375,0.0814666748046875,0.3197021484375
22.26,0.9543304443359375,0.0822601318359375,0.321502685546875
22.279,0.95654296875,0.0803375244140625,0.3174591064453125
22.299,0.94970703125,0.072967529296875,0.322479248046875
22.319,0.944793701171875,0.061767578125,0.318511962890625
22.339,0.951690673828125,0.05157470703125,0.314544677734375
22.358,0.95953369140625,0.0470123291015625,0.3261566162109375
22.377,0.9610748291015625,0.0401611328125,0.326324462890625
22.397,0.9568634033203125,0.040008544921875,0.3150482177734375
22.416,0.9527740478515625,0.0303802490234375,0.3100433349609375
22.437,0.959075927734375,0.0050201416015625,0.308563232421875
22.458,0.97088623046875,-0.006866455078125,0.3076629638671875
22.475,0.948028564453125,0.0111083984375,0.303253173828125
22.494,0.9337158203125,0.0262603759765625,0.3201904296875
22.514,0.9258575439453125,0.042144775390625,0.332183837890625
22.538,0.9458160400390625,0.0742645263671875,0.3271331787109375
22.553,0.9605865478515625,0.1028594970703125,0.3304901123046875
22.574,0.9638519287109375,0.12139892578125,0.3275604248046875
22.594,0.9579010009765625,0.1410980224609375,0.31640625
22.617,0.9418792724609375,0.140594482421875,0.3152618408203125
22.633,0.9268035888671875,0.1368255615234375,0.2957305908203125
22.653,0.9483184814453125,0.117523193359375,0.284881591796875
22.671,0.9792938232421875,0.0898590087890625,0.29937744140625
22.697,0.9605712890625,0.065399169921875,0.2933197021484375
22.71,0.935394287109375,0.0183563232421875,0.2834625244140625
22.729,0.9684600830078125,0.0085601806640625,0.2867431640625
22.749,0.97772216796875,0.022491455078125,0.2916259765625
22.778,0.9687347412109375,0.0112152099609375,0.266998291015625
22.788,0.9447784423828125,-0.014801025390625,0.2378997802734375
22.808,0.9428863525390625,-0.0148773193359375,0.27630615234375
22.828,0.95147705078125,0.0151824951171875,0.3120269775390625
22.857,0.949310302734375,0.029296875,0.2821197509765625
22.866,0.9664154052734375,0.012969970703125,0.2491302490234375
22.887,0.9959564208984375,-0.0009918212890625,0.2522125244140625
22.907,0.996612548828125,0.0331573486328125,0.2608642578125
22.937,0.9709320068359375,0.0457000732421875,0.279541015625
22.946,0.947601318359375,0.036865234375,0.2899017333984375
22.966,0.958099365234375,0.0125579833984375,0.26715087890625
22.983,0.9848785400390625,-0.0003662109375,0.2578277587890625
23.003,0.99566650390625,-0.0102386474609375,0.267730712890625
23.024,0.984405517578125,-0.0219573974609375,0.2615509033203125
23.044,0.9757232666015625,-0.052093505859375,0.25665283203125
23.062,0.975677490234375,-0.0682525634765625,0.2799072265625
23.081,0.951324462890625,-0.067901611328125,0.321197509765625
23.101,0.9456024169921875,-0.0792694091796875,0.285308837890625
23.121,0.941619873046875,-0.121551513671875,0.206817626953125
23.14,0.9461517333984375,-0.136749267578125,0.174713134765625
23.16,0.92645263671875,-0.15899658203125,0.19757080078125
23.179,0.9408721923828125,-0.167572021484375,0.1861724853515625
23.199,0.9474334716796875,-0.16796875,0.2045745849609375
23.218,0.93927001953125,-0.151611328125,0.219635009765625
23.239,0.9426727294921875,-0.1305389404296875,0.240386962890625
23.258,0.95904541015625,-0.094818115234375,0.271820068359375
23.277,0.9901275634765625,-0.0638885498046875,0.298828125
23.298,1.022445678710938,-0.051177978515625,0.300506591796875
23.316,1.009857177734375,-0.057403564453125,0.2850341796875
23.34,0.9624786376953125,-0.0463104248046875,0.286102294921875
23.356,0.9300689697265625,-0.01727294921875,0.2848663330078125
23.375,0.933624267578125,-0.0037994384765625,0.273956298828125
23.395,0.938873291015625,0.00177001953125,0.2753753662109375
23.417,0.9558258056640625,-0.008880615234375,0.2703094482421875
23.434,0.98699951171875,-0.0163116455078125,0.2678985595703125
23.453,0.9969024658203125,-0.0162353515625,0.2786102294921875
23.473,0.9828948974609375,-0.01898193359375,0.25982666015625
23.498,0.9855194091796875,-0.02716064453125,0.234649658203125
23.513,0.981353759765625,-0.0483856201171875,0.2175750732421875
23.533,0.9708709716796875,-0.05377197265625,0.222564697265625
23.551,0.972320556640625,-0.049835205078125,0.2458953857421875
23.577,0.9910736083984375,-0.0365142822265625,0.246429443359375
23.59,1.005218505859375,-0.0420074462890625,0.2414398193359375
23.61,0.989593505859375,-0.0629730224609375,0.2370758056640625
23.629,0.972412109375,-0.0817413330078125,0.2387847900390625
23.657,0.9722442626953125,-0.0738677978515625,0.2449493408203125
23.668,0.965972900390625,-0.0639801025390625,0.252960205078125
23.688,0.961517333984375,-0.059814453125,0.259765625
23.707,0.98052978515625,-0.0685577392578125,0.2546539306640625
23.737,0.9942474365234375,-0.0663299560546875,0.24554443359375
23.748,0.98358154296875,-0.0610504150390625,0.2490081787109375
23.766,0.972412109375,-0.050506591796875,0.2569427490234375
23.787,0.9642181396484375,-0.047760009765625,0.2643890380859375
23.818,0.9635009765625,-0.05206298828125,0.2628631591796875
23.826,0.9723052978515625,-0.0478668212890625,0.2576446533203125
23.845,0.970245361328125,-0.0406341552734375,0.2567901611328125
23.866,0.96722412109375,-0.0267791748046875,0.260589599609375
23.898,0.9641265869140625,-0.0280914306640625,0.2608642578125
23.904,0.968231201171875,-0.033538818359375,0.2748260498046875
23.924,0.9813232421875,-0.0445404052734375,0.2998809814453125
23.944,0.9750518798828125,-0.0516204833984375,0.3050994873046875
23.962,0.9505462646484375,-0.05145263671875,0.294342041015625
23.982,0.94580078125,-0.04644775390625,0.2852630615234375
24.003,0.964202880859375,-0.035614013671875,0.2819061279296875
24.021,0.9826507568359375,-0.0359344482421875,0.2959136962890625
24.04,0.9876556396484375,-0.0401611328125,0.2906341552734375
24.06,0.973480224609375,-0.0444793701171875,0.2867889404296875
24.079,0.964080810546875,-0.04388427734375,0.2807464599609375
24.099,0.961181640625,-0.0374298095703125,0.2758941650390625
24.119,0.9675140380859375,-0.0245208740234375,0.2801513671875
24.139,0.962921142578125,-0.01788330078125,0.2816162109375
24.158,0.9530792236328125,-0.0105133056640625,0.2791595458984375
24.177,0.94757080078125,-0.0107574462890625,0.2790985107421875
24.198,0.946685791015625,0.01739501953125,0.2811431884765625
24.218,0.9612884521484375,0.0286712646484375,0.2870330810546875
24.237,0.9720611572265625,0.030487060546875,0.3013763427734375
24.256,0.9676971435546875,-0.0005950927734375,0.305450439453125
24.275,0.9609832763671875,-0.019073486328125,0.3067779541015625
24.297,0.9537811279296875,-0.0460968017578125,0.2968902587890625
24.315,0.96600341796875,-0.0496673583984375,0.27166748046875
24.335,0.975067138671875,-0.068817138671875,0.2751312255859375
24.353,0.9732818603515625,-0.09307861328125,0.2618865966796875
24.376,0.9720916748046875,-0.11724853515625,0.2576141357421875
24.395,0.976898193359375,-0.10748291015625,0.2442169189453125
24.412,0.970062255859375,-0.099945068359375,0.239532470703125
24.432,0.968109130859375,-0.103424072265625,0.24481201171875
24.457,0.9712982177734375,-0.088226318359375,0.24420166015625
24.471,0.9731292724609375,-0.074005126953125,0.249298095703125
24.491,0.96405029296875,-0.0633544921875,0.2483062744140625
24.51,0.959014892578125,-0.04681396484375,0.2399749755859375
24.537,0.9658966064453125,-0.039520263671875,0.2376708984375
24.549,0.957550048828125,-0.0247344970703125,0.2421722412109375
24.569,0.9724578857421875,-0.0040283203125,0.220733642578125
24.589,1.011474609375,0.005950927734375,0.2063140869140625
24.616,1.02532958984375,-0.0034942626953125,0.1992340087890625
24.627,1.016647338867188,-0.010498046875,0.2086334228515625
24.647,0.9985504150390625,-0.0005035400390625,0.2039947509765625
24.667,0.98004150390625,0.019073486328125,0.2083892822265625
24.697,0.96990966796875,0.0449066162109375,0.2089996337890625
24.706,0.98638916015625,0.04876708984375,0.207794189453125
24.725,0.987274169921875,0.056060791015625,0.20440673828125
24.746,0.9721832275390625,0.0599365234375,0.2039794921875
24.777,0.97174072265625,0.0506744384765625,0.19256591796875
24.785,0.9829254150390625,0.0384674072265625,0.18402099609375
24.804,0.9886322021484375,0.0642242431640625,0.178375244140625
24.824,0.97705078125,0.085113525390625,0.175689697265625
24.844,0.978668212890625,0.0927734375,0.1697845458984375
24.863,0.982818603515625,0.093505859375,0.163055419921875
24.883,0.9689483642578125,0.07623291015625,0.1490478515625
24.901,0.97528076171875,0.06109619140625,0.1579742431640625
24.921,0.991546630859375,0.0648345947265625,0.17724609375
24.941,1.01739501953125,0.049346923828125,0.1840362548828125
24.96,1.023284912109375,0.03814697265625,0.1943817138671875
24.98,0.9995269775390625,0.040771484375,0.1780242919921875
24.999,0.9812469482421875,0.0391693115234375,0.17144775390625
25.018,0.9904022216796875,0.027557373046875,0.17755126953125
25.039,0.996490478515625,0.0244598388671875,0.17779541015625
25.058,0.982269287109375,0.0251007080078125,0.1320037841796875
25.077,0.9210968017578125,0.040008544921875,0.0728302001953125
25.098,0.931915283203125,0.044769287109375,0.0532684326171875
25.117,0.984130859375,0.0225372314453125,0.05621337890625
25.136,1.033233642578125,0.01995849609375,0.057342529296875
25.156,1.082855224609375,0.02337646484375,0.0673675537109375
25.179,1.069244384765625,0.036041259765625,0.058013916015625
25.195,0.996124267578125,0.0552825927734375,0.0278778076171875
25.216,0.9700775146484375,0.062225341796875,0.021697998046875
25.236,0.97332763671875,0.0731353759765625,0.0470733642578125
25.258,0.9962158203125,0.090576171875,0.0486907958984375
25.274,0.98297119140625,0.1056976318359375,0.026214599609375
25.293,0.9430694580078125,0.1109466552734375,0.0095062255859375
25.313,0.983642578125,0.100860595703125,0.004913330078125
25.339,1.035781860351562,0.0949859619140625,0.000213623046875
25.351,1.021743774414062,0.078094482421875,-0.005615234375
25.371,1.004913330078125,0.0769500732421875,0.007171630859375
25.391,0.9994964599609375,0.0720367431640625,-0.0011749267578125
25.419,0.968658447265625,0.0614471435546875,-0.0061798095703125
25.43,0.984466552734375,0.054718017578125,0.0001983642578125
25.449,1.003707885742188,0.0426788330078125,-0.0012054443359375
25.469,0.9931488037109375,0.0409698486328125,-0.0033721923828125
25.499,0.9920806884765625,0.0430145263671875,-0.00146484375
25.508,0.9955291748046875,0.0407562255859375,0.01116943359375
25.527,0.9907989501953125,0.039581298828125,0.0085601806640625
25.547,0.997314453125,0.03692626953125,0.009124755859375
25.579,1.007476806640625,0.041107177734375,0.0139617919921875
25.587,0.9957427978515625,0.0386810302734375,0.0196075439453125
25.606,0.992156982421875,0.03924560546875,0.020477294921875
25.625,0.99334716796875,0.0419158935546875,0.029754638671875
25.657,0.9948577880859375,0.0413055419921875,0.0378265380859375
25.665,0.99072265625,0.04730224609375,0.0274505615234375
25.685,0.9909210205078125,0.037567138671875,0.0289306640625
25.704,0.997100830078125,0.0317840576171875,0.01983642578125
25.738,1.010940551757812,0.0379180908203125,0.024932861328125
25.743,1.011474609375,0.0538787841796875,0.0217437744140625
25.762,1.010543823242188,0.0633697509765625,0.01910400390625
25.781,1.003860473632812,0.065460205078125,0.01434326171875
25.801,0.996124267578125,0.05682373046875,0.014373779296875